date,temperature,rainfall,humidity,holiday,weekend,population_density,event_level,waste_volume
2020-01-01,30.0,36.6,79.8,1,0,7740,2,95.37
2020-01-02,29.5,35.2,85.7,0,0,8225,0,77.08
2020-01-03,28.2,65.8,88.4,0,0,7963,0,61.69
2020-01-04,31.3,20.7,85.7,0,1,8073,1,93.65
2020-01-05,32.7,3.6,84.2,0,1,8226,1,94.08
2020-01-06,28.3,66.7,86.7,0,0,8046,0,61.61
2020-01-07,29.8,78.2,90.0,0,0,8058,0,65.45
2020-01-08,27.3,9.8,82.2,0,0,8299,0,73.11
2020-01-09,31.0,10.1,84.8,0,0,8142,0,70.22
2020-01-10,29.0,18.0,80.0,0,0,7773,0,69.23
2020-01-11,30.2,26.5,85.1,0,1,8125,2,97.4
2020-01-12,28.5,0.0,83.5,0,1,7906,0,80.03
2020-01-13,30.2,43.1,86.1,0,0,7663,0,64.39
2020-01-14,27.5,0.0,80.9,0,0,8260,0,67.34
2020-01-15,30.6,0.0,81.0,0,0,8168,0,70.74
2020-01-16,30.2,3.7,82.6,0,0,7894,0,68.91
2020-01-17,29.5,68.6,89.4,0,0,8044,0,59.79
2020-01-18,30.8,13.7,81.5,0,1,7815,1,86.53
2020-01-19,30.5,2.5,83.2,0,1,8168,1,89.35
2020-01-20,30.1,20.4,81.6,0,0,7917,0,63.1
2020-01-21,29.3,65.2,85.4,0,0,7665,0,60.71
2020-01-22,29.4,120.0,92.5,0,0,7763,0,61.57
2020-01-23,28.4,120.0,91.3,0,0,8186,0,70.47
2020-01-24,29.3,43.4,85.0,0,0,7755,2,78.58
2020-01-25,29.8,90.0,91.9,0,1,8261,1,87.56
2020-01-26,31.2,50.3,83.4,0,1,7726,2,85.98
2020-01-27,29.2,0.0,79.3,0,0,8129,1,71.37
2020-01-28,29.5,64.5,88.7,0,0,8129,0,67.07
2020-01-29,29.4,0.0,81.0,0,0,8183,0,68.82
2020-01-30,29.5,47.4,88.4,0,0,8267,0,68.37
2020-01-31,28.5,32.3,82.0,0,0,8018,0,64.03
2020-02-01,35.0,101.9,87.8,0,1,7882,0,69.49
2020-02-02,30.2,15.1,80.3,0,1,7894,1,83.57
2020-02-03,31.1,58.7,84.0,0,0,7781,0,60.53
2020-02-04,35.0,19.9,89.2,0,0,7803,0,68.21
2020-02-05,32.4,42.5,82.1,0,0,7952,0,66.94
2020-02-06,31.6,46.3,87.1,0,0,8070,0,58.1
2020-02-07,31.3,15.5,89.8,0,0,8315,0,63.9
2020-02-08,30.1,18.6,85.3,0,1,7651,2,78.6
2020-02-09,29.6,23.9,83.5,0,1,7979,1,80.34
2020-02-10,33.5,5.7,83.5,0,0,7926,0,62.87
2020-02-11,31.7,120.0,93.0,0,0,7988,0,58.92
2020-02-12,30.7,120.0,95.0,0,0,8088,0,60.02
2020-02-13,31.9,61.3,86.0,0,0,8198,0,62.67
2020-02-14,32.4,47.4,92.2,0,0,8146,1,66.36
2020-02-15,31.1,49.1,88.8,0,1,7860,1,73.88
2020-02-16,29.4,2.5,85.7,0,1,8122,1,82.17
2020-02-17,31.4,0.0,80.2,0,0,8118,0,68.69
2020-02-18,33.5,29.5,87.4,0,0,8214,1,71.43
2020-02-19,31.6,37.1,85.3,0,0,8077,1,67.46
2020-02-20,29.7,11.6,80.7,0,0,8040,0,58.84
2020-02-21,31.3,101.8,93.8,0,0,8466,0,65.96
2020-02-22,28.2,97.0,95.0,0,1,7680,1,69.71
2020-02-23,30.1,52.9,83.1,0,1,7538,1,67.88
2020-02-24,31.9,38.0,86.5,0,0,8106,0,59.3
2020-02-25,31.0,28.8,86.4,0,0,7947,0,58.55
2020-02-26,32.5,0.0,75.0,0,0,7864,0,61.4
2020-02-27,30.8,71.9,89.0,0,0,8271,0,61.35
2020-02-28,30.0,0.0,80.9,0,0,8161,1,68.51
2020-02-29,29.2,56.4,87.2,0,1,7634,0,65.69
2020-03-01,31.7,23.3,83.8,0,1,8066,2,86.48
2020-03-02,32.0,0.0,85.3,0,0,8077,0,71.24
2020-03-03,33.1,115.1,94.0,0,0,8215,0,57.97
2020-03-04,33.0,11.8,78.4,0,0,7585,0,62.15
2020-03-05,31.8,54.0,84.5,0,0,8070,0,61.16
2020-03-06,32.1,29.9,88.2,0,0,7772,0,58.57
2020-03-07,35.0,41.7,87.9,0,1,7989,1,80.88
2020-03-08,33.2,31.1,87.1,0,1,8217,0,76.98
2020-03-09,33.2,0.0,81.0,0,0,7602,1,68.4
2020-03-10,34.6,24.6,75.6,0,0,7891,2,79.52
2020-03-11,33.2,0.0,81.1,0,0,8020,0,59.65
2020-03-12,33.7,25.8,87.3,0,0,8326,0,63.75
2020-03-13,31.2,116.2,92.3,0,0,8291,0,65.88
2020-03-14,32.9,68.7,87.5,0,1,8090,0,72.97
2020-03-15,31.7,53.0,82.2,0,1,7835,1,76.17
2020-03-16,32.2,4.2,84.5,0,0,8133,0,69.17
2020-03-17,33.4,39.4,85.0,0,0,7849,1,63.06
2020-03-18,30.7,23.6,84.5,0,0,7847,0,63.2
2020-03-19,33.6,43.1,86.9,0,0,7710,0,63.67
2020-03-20,32.9,0.0,86.0,0,0,8250,0,65.36
2020-03-21,33.1,44.2,92.4,0,1,7765,1,85.74
2020-03-22,34.9,56.2,82.7,0,1,7744,1,75.45
2020-03-23,33.7,52.9,85.6,0,0,8255,0,57.22
2020-03-24,31.6,60.6,83.0,0,0,8108,0,61.88
2020-03-25,32.9,0.0,78.2,0,0,8143,0,64.34
2020-03-26,31.6,87.4,91.5,0,0,7876,0,61.98
2020-03-27,31.7,0.0,74.8,0,0,8322,1,75.68
2020-03-28,31.9,0.0,81.4,0,1,7777,1,77.75
2020-03-29,30.3,59.1,86.9,0,1,7972,2,87.11
2020-03-30,30.6,0.0,87.5,0,0,7965,0,66.49
2020-03-31,30.9,29.2,85.5,0,0,8243,0,62.27
2020-04-01,30.5,5.5,75.3,0,0,7659,0,61.19
2020-04-02,33.7,11.7,77.0,0,0,7857,0,65.51
2020-04-03,34.3,13.9,77.6,0,0,8078,0,65.19
2020-04-04,34.2,8.9,74.6,0,1,7904,0,73.44
2020-04-05,32.3,3.9,78.2,0,1,7550,0,70.54
2020-04-06,29.5,1.9,78.5,0,0,7951,0,60.9
2020-04-07,32.9,9.8,77.7,0,0,7956,0,58.95
2020-04-08,33.0,13.6,75.7,0,0,7757,0,63.74
2020-04-09,34.0,5.5,78.9,0,0,7544,0,56.81
2020-04-10,31.6,27.9,74.4,0,0,7776,0,58.56
2020-04-11,33.1,14.6,76.9,0,1,8156,0,70.96
2020-04-12,29.6,8.5,70.3,0,1,8020,2,82.75
2020-04-13,33.8,6.2,74.7,0,0,7797,0,64.8
2020-04-14,35.0,24.9,79.4,0,0,8089,0,63.92
2020-04-15,34.0,16.8,71.3,0,0,8017,0,64.88
2020-04-16,31.1,35.5,79.3,0,0,8270,0,61.28
2020-04-17,33.3,3.6,71.4,0,0,7990,0,63.43
2020-04-18,35.0,17.5,76.9,0,1,7959,0,76.37
2020-04-19,31.9,5.7,70.2,0,1,7975,0,74.09
2020-04-20,34.5,0.0,76.0,0,0,8076,0,68.41
2020-04-21,34.6,5.0,76.1,0,0,7960,0,67.84
2020-04-22,33.4,8.0,74.6,0,0,8049,0,64.98
2020-04-23,31.3,0.0,68.7,0,0,7628,1,62.71
2020-04-24,33.0,0.0,76.2,0,0,8312,0,65.63
2020-04-25,32.4,1.7,79.5,0,1,8367,2,93.36
2020-04-26,33.1,26.6,78.8,0,1,8636,1,83.6
2020-04-27,34.5,13.5,76.4,0,0,8056,0,63.26
2020-04-28,33.5,16.7,73.7,0,0,7712,0,63.1
2020-04-29,33.1,0.0,73.8,0,0,7883,0,70.45
2020-04-30,33.4,3.9,69.7,0,0,7608,0,60.85
2020-05-01,32.2,9.5,78.8,1,0,7778,2,94.58
2020-05-02,33.0,0.0,69.9,0,1,7833,0,69.47
2020-05-03,32.6,1.1,72.5,0,1,8096,1,87.33
2020-05-04,32.7,2.4,81.4,0,0,7955,0,66.91
2020-05-05,32.6,6.3,77.3,0,0,7876,0,66.05
2020-05-06,34.3,32.4,72.6,0,0,7936,1,73.13
2020-05-07,32.7,20.2,76.5,0,0,8083,0,62.64
2020-05-08,32.6,17.7,81.7,0,0,8062,0,64.72
2020-05-09,30.8,14.7,77.1,0,1,8177,1,88.99
2020-05-10,33.0,0.0,76.1,0,1,7270,0,69.77
2020-05-11,33.2,13.8,74.9,0,0,8449,0,62.74
2020-05-12,33.1,15.7,76.2,0,0,7993,2,79.55
2020-05-13,32.1,4.7,74.6,0,0,7979,0,63.17
2020-05-14,33.5,12.2,75.0,0,0,7717,0,65.22
2020-05-15,33.2,7.7,76.9,0,0,8126,0,67.3
2020-05-16,33.0,13.5,80.8,0,1,8359,1,80.09
2020-05-17,33.1,15.4,79.0,0,1,7988,1,83.16
2020-05-18,33.5,13.7,75.2,0,0,8151,0,67.07
2020-05-19,30.7,8.3,72.7,0,0,7796,0,63.65
2020-05-20,32.1,9.1,76.9,0,0,8082,0,67.01
2020-05-21,29.4,6.5,75.6,0,0,8209,1,76.51
2020-05-22,32.8,1.3,75.1,0,0,8197,0,67.78
2020-05-23,33.7,21.3,79.2,0,1,8020,0,73.16
2020-05-24,31.7,15.8,72.9,1,1,7959,3,125.84
2020-05-25,34.7,10.3,77.4,1,0,7969,3,115.85
2020-05-26,34.2,0.0,76.4,0,0,8289,0,70.36
2020-05-27,32.2,0.0,72.3,0,0,8045,0,65.78
2020-05-28,35.0,7.0,75.3,0,0,8087,0,67.62
2020-05-29,32.7,0.0,77.0,0,0,7945,0,65.23
2020-05-30,32.5,9.3,79.6,0,1,8316,2,93.27
2020-05-31,34.4,22.8,78.8,0,1,7781,2,92.75
2020-06-01,30.1,31.8,77.4,1,0,7770,2,95.01
2020-06-02,31.4,20.8,74.1,0,0,8090,0,71.6
2020-06-03,30.1,4.7,80.8,0,0,7980,0,68.82
2020-06-04,28.1,0.0,79.1,0,0,7967,0,64.31
2020-06-05,31.3,8.6,81.0,0,0,7536,0,65.22
2020-06-06,30.4,12.2,75.1,0,1,8204,1,88.11
2020-06-07,32.7,15.8,76.9,0,1,8000,3,107.41
2020-06-08,29.1,0.7,70.6,0,0,7803,0,67.54
2020-06-09,34.9,23.3,73.9,0,0,7618,0,62.9
2020-06-10,29.8,1.7,75.6,0,0,8073,0,73.95
2020-06-11,29.3,20.2,77.0,0,0,7725,1,74.23
2020-06-12,31.8,25.2,80.5,0,0,7949,0,71.66
2020-06-13,34.2,21.1,81.6,0,1,7788,1,85.29
2020-06-14,31.9,2.3,73.1,0,1,7824,0,78.55
2020-06-15,32.6,0.0,67.0,0,0,7724,0,69.67
2020-06-16,27.9,2.4,79.1,0,0,8082,2,81.2
2020-06-17,29.9,7.6,77.4,0,0,8113,0,70.6
2020-06-18,29.6,0.0,75.3,0,0,8065,0,69.22
2020-06-19,31.3,25.0,81.3,0,0,7800,0,62.1
2020-06-20,30.5,13.8,71.0,0,1,7966,1,87.92
2020-06-21,33.5,0.0,73.1,0,1,8155,0,81.2
2020-06-22,30.5,23.0,76.0,0,0,7990,0,66.65
2020-06-23,30.0,18.1,81.4,0,0,8290,0,72.85
2020-06-24,31.8,0.1,79.9,0,0,8073,0,74.15
2020-06-25,33.0,7.1,75.9,0,0,8050,0,68.38
2020-06-26,31.2,30.5,76.7,0,0,7921,0,66.05
2020-06-27,31.6,9.8,72.5,0,1,7807,2,91.2
2020-06-28,27.4,11.0,68.7,0,1,7801,1,81.57
2020-06-29,30.7,0.0,76.2,0,0,8113,1,75.74
2020-06-30,30.9,20.5,74.8,0,0,7888,0,66.06
2020-07-01,27.2,12.2,71.5,0,0,7975,0,69.69
2020-07-02,26.7,5.3,76.8,0,0,8372,0,72.23
2020-07-03,30.5,34.6,79.7,0,0,8088,0,65.24
2020-07-04,28.0,28.0,80.6,0,1,7978,2,96.3
2020-07-05,27.6,14.6,75.3,0,1,7899,1,88.72
2020-07-06,28.9,22.7,76.1,0,0,8075,1,71.56
2020-07-07,31.5,7.1,78.2,0,0,8081,1,81.36
2020-07-08,29.5,12.3,77.1,0,0,8295,0,72.59
2020-07-09,25.2,0.0,75.3,0,0,8250,0,69.31
2020-07-10,30.0,15.5,74.9,0,0,8092,0,71.1
2020-07-11,32.3,17.5,72.5,0,1,8237,0,82.9
2020-07-12,28.8,7.2,77.7,0,1,7998,2,97.08
2020-07-13,32.8,12.7,73.7,0,0,8446,0,74.75
2020-07-14,31.0,6.8,76.9,0,0,8280,0,71.09
2020-07-15,28.1,20.1,79.2,0,0,7946,0,60.78
2020-07-16,28.2,0.9,73.8,0,0,7409,0,64.94
2020-07-17,31.2,0.0,79.3,0,0,7971,0,68.41
2020-07-18,33.0,17.7,75.8,0,1,8102,1,92.9
2020-07-19,31.7,8.3,81.2,0,1,8071,2,99.17
2020-07-20,28.2,12.0,72.3,0,0,7728,0,65.42
2020-07-21,26.8,9.0,69.1,0,0,7962,0,70.66
2020-07-22,32.6,15.7,77.9,0,0,8113,1,78.96
2020-07-23,30.0,21.5,73.0,0,0,8066,0,68.21
2020-07-24,28.6,0.0,73.9,0,0,7779,0,66.53
2020-07-25,27.8,9.3,74.1,0,1,8265,1,95.59
2020-07-26,30.2,16.8,77.1,0,1,8014,1,85.4
2020-07-27,26.5,0.0,78.9,0,0,7937,1,73.34
2020-07-28,27.6,15.8,80.2,0,0,7966,0,64.8
2020-07-29,30.4,20.3,73.5,0,0,8402,0,72.8
2020-07-30,30.6,29.2,78.6,0,0,7979,0,65.68
2020-07-31,29.1,5.7,76.8,0,0,7687,0,65.05
2020-08-01,26.9,1.2,72.9,0,1,8154,0,72.51
2020-08-02,27.2,0.1,72.2,0,1,7873,1,78.94
2020-08-03,28.8,0.0,76.0,0,0,7997,0,60.58
2020-08-04,25.9,0.0,76.0,0,0,8238,0,58.9
2020-08-05,28.6,0.0,68.0,0,0,8189,0,66.4
2020-08-06,27.1,0.8,72.9,0,0,8076,0,58.42
2020-08-07,28.2,1.4,75.0,0,0,8227,0,67.63
2020-08-08,25.6,10.5,76.6,0,1,7956,0,76.25
2020-08-09,27.4,2.6,76.9,0,1,8583,1,85.37
2020-08-10,26.6,18.7,80.4,0,0,8038,1,73.34
2020-08-11,24.2,32.0,74.5,0,0,7834,0,59.13
2020-08-12,27.7,0.0,77.9,0,0,8002,0,67.5
2020-08-13,25.5,8.3,77.8,0,0,7702,0,59.29
2020-08-14,27.6,12.8,74.8,0,0,8255,0,59.21
2020-08-15,27.2,10.0,70.7,0,1,8150,3,96.04
2020-08-16,26.1,17.2,74.6,0,1,8045,1,85.5
2020-08-17,26.7,8.9,77.2,1,0,7955,2,96.13
2020-08-18,28.3,0.0,71.9,0,0,7892,0,61.47
2020-08-19,26.8,15.2,76.1,0,0,8175,0,65.36
2020-08-20,25.4,3.6,71.6,0,0,8082,0,65.79
2020-08-21,31.3,0.0,73.5,0,0,8028,0,64.59
2020-08-22,28.1,29.7,81.0,0,1,7967,1,85.82
2020-08-23,28.7,8.6,74.1,0,1,7894,0,70.84
2020-08-24,29.3,17.6,80.1,0,0,8020,0,66.67
2020-08-25,27.0,8.1,75.7,0,0,7957,0,64.76
2020-08-26,27.0,14.2,74.0,0,0,8022,0,61.59
2020-08-27,30.0,17.4,74.4,0,0,7885,0,62.15
2020-08-28,27.0,10.6,74.1,0,0,7887,0,64.85
2020-08-29,28.7,16.7,76.9,0,1,7765,1,78.72
2020-08-30,26.2,0.0,77.5,0,1,7816,0,71.67
2020-08-31,27.3,0.0,80.1,0,0,8224,1,66.88
2020-09-01,24.4,21.5,79.6,0,0,8019,0,62.25
2020-09-02,25.0,22.5,72.5,0,0,8060,0,61.84
2020-09-03,24.0,5.9,70.0,0,0,7935,0,61.58
2020-09-04,26.2,4.9,76.8,0,0,7939,0,63.38
2020-09-05,26.6,16.0,70.7,0,1,7605,0,67.83
2020-09-06,26.7,13.2,77.8,0,1,7948,3,91.52
2020-09-07,28.3,18.6,79.4,0,0,8312,1,72.0
2020-09-08,26.1,5.2,76.8,0,0,8116,0,62.65
2020-09-09,26.8,0.0,73.2,0,0,8002,0,68.66
2020-09-10,24.2,2.7,71.9,0,0,7923,0,63.96
2020-09-11,25.5,15.3,78.0,0,0,7862,0,59.25
2020-09-12,28.0,16.4,73.4,0,1,8283,2,98.16
2020-09-13,26.7,4.1,76.1,0,1,8174,1,80.16
2020-09-14,24.7,9.0,81.3,0,0,8285,0,64.76
2020-09-15,27.6,22.1,71.2,0,0,8053,0,64.11
2020-09-16,26.8,10.0,73.6,0,0,7773,0,56.5
2020-09-17,26.1,8.7,74.5,0,0,7785,1,66.69
2020-09-18,28.1,17.8,73.3,0,0,8006,0,62.14
2020-09-19,25.8,15.6,78.2,0,1,7417,1,74.26
2020-09-20,25.5,5.1,72.2,0,1,8205,1,82.6
2020-09-21,26.4,0.0,77.6,0,0,8146,0,63.96
2020-09-22,25.9,0.0,79.8,0,0,7993,1,68.72
2020-09-23,25.5,4.9,71.8,0,0,7564,0,61.81
2020-09-24,24.0,0.0,81.0,0,0,8011,0,63.08
2020-09-25,24.0,0.0,77.7,0,0,7759,0,60.47
2020-09-26,25.6,7.3,75.0,0,1,7853,0,71.26
2020-09-27,26.3,4.0,74.5,0,1,8021,1,85.75
2020-09-28,27.6,13.7,77.8,0,0,8034,0,64.11
2020-09-29,26.5,4.5,76.0,0,0,7847,0,60.56
2020-09-30,24.4,13.0,79.2,0,0,8018,0,57.74
2020-10-01,26.5,25.5,76.2,0,0,7867,0,56.67
2020-10-02,26.4,17.3,78.6,0,0,7747,1,65.86
2020-10-03,27.0,9.5,75.9,0,1,7868,2,85.4
2020-10-04,26.0,3.6,71.4,0,1,7706,2,81.73
2020-10-05,26.3,1.7,77.1,0,0,7921,0,63.23
2020-10-06,27.1,0.0,75.9,0,0,8185,0,63.22
2020-10-07,28.9,0.0,77.0,0,0,8100,1,68.45
2020-10-08,24.3,23.6,85.9,0,0,8073,0,62.52
2020-10-09,25.3,0.0,70.7,0,0,8344,0,68.92
2020-10-10,26.6,14.2,76.3,0,1,8106,0,70.23
2020-10-11,24.0,1.4,71.3,0,1,7993,1,79.43
2020-10-12,24.6,2.0,75.7,0,0,8204,1,65.07
2020-10-13,25.9,9.4,76.5,0,0,8126,1,66.06
2020-10-14,27.2,15.9,74.2,0,0,7638,2,70.79
2020-10-15,26.4,7.6,74.9,0,0,7898,0,65.02
2020-10-16,24.4,7.3,77.2,0,0,8182,0,61.81
2020-10-17,26.7,7.6,76.4,0,1,8155,1,78.73
2020-10-18,24.8,10.3,82.7,0,1,7895,2,85.23
2020-10-19,26.1,37.0,76.3,0,0,7930,0,60.59
2020-10-20,27.3,9.8,75.0,0,0,8541,0,65.44
2020-10-21,24.9,12.1,75.1,0,0,8025,0,67.72
2020-10-22,27.1,5.8,77.4,0,0,8067,0,63.08
2020-10-23,27.0,0.0,78.9,0,0,8127,1,70.95
2020-10-24,27.9,0.0,71.8,0,1,7940,2,85.55
2020-10-25,26.1,16.7,75.5,0,1,8424,0,77.52
2020-10-26,24.5,0.4,73.6,0,0,8402,0,68.77
2020-10-27,27.1,3.9,75.9,0,0,7629,0,64.31
2020-10-28,26.0,2.7,74.7,0,0,8018,0,61.11
2020-10-29,27.6,10.1,77.8,0,0,7913,0,65.47
2020-10-30,27.5,12.8,76.3,0,0,8002,0,64.76
2020-10-31,25.0,0.0,75.3,0,1,7841,1,80.6
2020-11-01,26.7,57.6,89.2,0,1,7784,1,71.97
2020-11-02,25.1,10.7,80.4,0,0,7939,1,67.81
2020-11-03,25.3,21.1,82.2,0,0,7684,0,60.54
2020-11-04,26.4,71.3,91.2,0,0,7524,0,57.21
2020-11-05,24.7,69.8,90.6,0,0,7525,0,58.06
2020-11-06,26.7,48.3,88.7,0,0,7957,0,61.36
2020-11-07,25.8,61.1,90.8,0,1,8025,1,73.81
2020-11-08,29.3,52.0,87.2,0,1,8221,1,69.69
2020-11-09,27.0,79.1,85.2,0,0,8089,0,55.61
2020-11-10,28.3,46.7,94.4,0,0,7850,0,59.59
2020-11-11,26.0,0.0,80.7,0,0,8074,0,60.67
2020-11-12,29.4,40.2,88.5,0,0,8056,0,64.51
2020-11-13,26.6,40.6,87.3,0,0,8447,0,61.2
2020-11-14,27.1,77.8,82.6,0,1,8103,2,80.55
2020-11-15,26.7,27.6,85.5,0,1,7993,1,75.95
2020-11-16,30.6,81.0,94.5,0,0,7962,0,62.44
2020-11-17,26.2,54.6,85.4,0,0,8300,0,59.25
2020-11-18,27.4,57.0,84.1,0,0,7563,0,56.7
2020-11-19,27.0,114.6,90.5,0,0,7930,0,58.7
2020-11-20,30.3,78.3,87.2,0,0,8158,0,63.13
2020-11-21,26.1,21.6,76.8,0,1,8101,1,80.83
2020-11-22,26.3,0.0,80.4,0,1,8137,2,88.29
2020-11-23,27.5,22.5,86.4,0,0,7668,0,54.9
2020-11-24,25.1,6.9,80.8,0,0,8118,0,62.94
2020-11-25,27.9,19.5,79.0,0,0,8058,0,63.91
2020-11-26,24.0,60.7,83.0,0,0,7712,0,56.44
2020-11-27,28.5,33.0,78.3,0,0,7628,0,57.16
2020-11-28,28.8,51.6,93.5,0,1,7885,0,70.29
2020-11-29,24.2,70.1,88.3,0,1,7808,1,71.58
2020-11-30,25.0,37.7,86.0,0,0,8114,0,59.28
2020-12-01,28.9,49.9,85.6,0,0,8154,0,66.87
2020-12-02,26.9,3.3,81.1,0,0,8018,0,73.67
2020-12-03,26.8,0.0,78.1,0,0,7969,0,69.74
2020-12-04,26.7,50.1,89.0,0,0,8003,1,72.67
2020-12-05,27.1,19.8,84.1,0,1,7594,1,78.58
2020-12-06,27.3,111.1,93.0,0,1,7980,1,78.02
2020-12-07,29.0,88.8,90.9,0,0,8163,0,63.65
2020-12-08,28.9,72.5,88.9,0,0,7561,0,61.02
2020-12-09,29.6,75.0,91.0,0,0,8244,0,65.81
2020-12-10,30.0,35.8,83.8,0,0,8341,0,68.72
2020-12-11,29.0,36.9,90.0,0,0,8111,0,66.81
2020-12-12,27.4,117.4,93.1,0,1,7640,0,67.65
2020-12-13,27.6,11.1,86.6,0,1,8108,2,95.09
2020-12-14,27.5,27.7,86.6,0,0,8126,1,77.46
2020-12-15,28.4,24.6,83.0,0,0,7938,0,62.14
2020-12-16,25.1,45.3,85.2,0,0,7583,0,63.03
2020-12-17,27.2,39.1,90.4,0,0,8072,1,77.61
2020-12-18,29.7,74.8,90.1,0,0,8088,0,64.59
2020-12-19,28.5,120.0,94.5,0,1,7985,1,79.03
2020-12-20,26.3,53.1,90.2,0,1,7983,2,90.32
2020-12-21,29.2,43.3,88.2,0,0,7833,2,75.58
2020-12-22,28.5,34.8,89.2,0,0,8057,0,67.11
2020-12-23,29.3,19.0,84.5,0,0,8236,0,68.13
2020-12-24,26.3,0.0,77.0,0,0,8165,0,64.21
2020-12-25,27.2,4.5,85.2,1,0,7846,1,91.56
2020-12-26,26.7,77.1,89.2,0,1,8271,1,78.71
2020-12-27,27.7,34.3,85.4,0,1,8228,1,86.4
2020-12-28,29.6,42.1,84.5,0,0,8118,0,71.09
2020-12-29,26.3,10.3,88.0,0,0,7897,0,72.12
2020-12-30,31.3,16.9,87.5,0,0,7835,0,68.57
2020-12-31,26.9,36.2,87.0,0,0,7798,0,67.13
2021-01-01,29.0,11.3,81.9,1,0,8346,1,100.47
2021-01-02,30.5,98.0,91.1,0,1,8473,1,85.24
2021-01-03,26.8,40.9,89.1,0,1,8262,0,72.52
2021-01-04,26.9,0.0,78.2,0,0,8194,1,81.85
2021-01-05,29.0,96.5,92.1,0,0,8479,1,71.6
2021-01-06,30.8,41.7,86.8,0,0,8365,0,74.46
2021-01-07,25.2,40.5,88.2,0,0,8385,0,70.24
2021-01-08,29.3,39.2,89.0,0,0,8183,0,65.83
2021-01-09,31.4,0.0,80.9,0,1,8219,2,100.18
2021-01-10,27.6,100.1,90.8,0,1,8211,2,97.88
2021-01-11,31.6,0.0,76.7,0,0,8604,0,79.73
2021-01-12,31.1,41.4,87.3,0,0,8321,0,68.84
2021-01-13,29.7,85.6,91.6,0,0,8550,0,66.8
2021-01-14,28.5,28.8,83.3,0,0,8261,0,69.15
2021-01-15,32.1,83.7,92.1,0,0,8351,0,67.53
2021-01-16,28.9,120.0,95.0,0,1,8198,0,79.13
2021-01-17,30.3,71.5,89.2,0,1,8389,2,96.13
2021-01-18,31.7,17.7,87.1,0,0,8535,0,69.51
2021-01-19,29.1,43.9,89.3,0,0,8575,0,73.04
2021-01-20,28.2,0.0,82.8,0,0,8125,0,69.25
2021-01-21,29.0,23.8,82.8,0,0,8108,0,67.86
2021-01-22,30.6,67.7,90.8,0,0,8194,0,66.87
2021-01-23,29.3,65.5,95.0,0,1,8217,1,87.45
2021-01-24,28.0,61.6,88.9,0,1,8639,1,90.57
2021-01-25,31.1,34.1,82.3,0,0,8286,0,67.92
2021-01-26,30.7,101.2,95.0,0,0,8449,0,68.13
2021-01-27,31.9,23.3,81.7,0,0,8106,0,67.51
2021-01-28,28.3,120.0,95.0,0,0,8706,1,71.35
2021-01-29,30.4,0.0,76.3,0,0,8423,1,80.05
2021-01-30,27.5,31.2,86.0,0,1,8579,2,105.48
2021-01-31,29.5,45.3,85.3,0,1,8334,0,74.82
2021-02-01,31.1,0.0,84.9,0,0,8416,0,67.8
2021-02-02,32.5,46.4,85.0,0,0,8318,0,65.36
2021-02-03,33.0,47.5,85.3,0,0,8778,1,77.1
2021-02-04,27.9,82.8,95.0,0,0,8196,0,58.16
2021-02-05,30.2,23.4,82.3,0,0,8580,0,62.99
2021-02-06,31.7,0.0,84.6,0,1,8636,1,83.47
2021-02-07,27.1,0.0,79.7,0,1,8729,1,91.94
2021-02-08,30.8,70.0,90.3,0,0,8545,1,67.63
2021-02-09,29.5,48.7,79.3,0,0,7974,0,60.64
2021-02-10,32.0,85.1,86.7,0,0,8395,0,68.58
2021-02-11,30.1,69.3,86.9,0,0,8806,0,63.8
2021-02-12,32.8,17.4,84.1,0,0,8464,0,69.77
2021-02-13,29.2,1.7,89.1,0,1,8382,1,88.32
2021-02-14,31.6,45.1,87.1,0,1,8717,1,90.0
2021-02-15,32.2,120.0,92.5,0,0,8247,0,58.87
2021-02-16,34.7,90.5,93.1,0,0,8793,1,71.74
2021-02-17,30.9,49.3,86.1,0,0,8548,0,67.59
2021-02-18,30.7,48.3,85.1,0,0,8274,0,69.58
2021-02-19,31.8,70.0,88.5,0,0,8403,1,67.45
2021-02-20,29.2,13.5,85.1,0,1,8154,0,73.43
2021-02-21,32.0,16.2,83.4,0,1,8652,0,81.94
2021-02-22,30.5,50.9,88.7,0,0,8578,0,65.73
2021-02-23,32.7,12.7,81.9,0,0,8172,0,68.25
2021-02-24,30.5,48.3,87.4,0,0,8894,0,67.03
2021-02-25,30.8,44.3,92.7,0,0,8231,0,62.92
2021-02-26,31.6,38.7,83.3,0,0,8398,0,66.41
2021-02-27,29.4,40.7,86.8,0,1,8296,2,93.26
2021-02-28,29.5,39.2,89.6,0,1,8267,0,73.07
2021-03-01,35.0,0.0,88.0,0,0,8518,0,69.96
2021-03-02,31.7,56.1,87.7,0,0,8552,0,61.7
2021-03-03,30.6,46.8,91.5,0,0,8556,0,71.73
2021-03-04,33.7,0.0,78.3,0,0,8467,0,69.57
2021-03-05,33.6,63.4,88.2,0,0,8483,1,73.89
2021-03-06,33.1,55.0,85.6,0,1,8295,1,79.56
2021-03-07,34.1,44.5,95.0,0,1,8354,1,84.2
2021-03-08,33.1,104.3,93.1,0,0,8454,0,60.18
2021-03-09,33.2,10.6,91.1,0,0,8347,0,62.15
2021-03-10,31.5,45.9,88.6,0,0,8271,1,74.87
2021-03-11,31.2,0.0,85.2,0,0,8538,0,69.1
2021-03-12,32.6,79.3,90.5,0,0,8525,0,64.94
2021-03-13,31.1,21.8,86.3,0,1,8126,0,69.43
2021-03-14,32.0,0.0,82.3,0,1,8164,2,87.96
2021-03-15,30.6,17.8,82.1,0,0,8633,0,72.38
2021-03-16,34.2,57.7,88.7,0,0,8604,0,70.08
2021-03-17,32.6,6.1,85.7,0,0,8493,0,67.28
2021-03-18,34.3,120.0,94.3,0,0,8068,0,63.13
2021-03-19,32.9,18.7,85.7,0,0,8109,0,66.48
2021-03-20,34.8,0.4,83.7,0,1,8619,0,81.01
2021-03-21,30.8,77.6,90.5,0,1,8497,2,94.31
2021-03-22,30.5,90.0,90.9,0,0,8119,1,65.57
2021-03-23,32.0,84.1,87.8,0,0,8333,1,72.46
2021-03-24,30.9,30.4,86.2,0,0,7850,0,62.28
2021-03-25,32.1,8.2,82.3,0,0,8325,0,67.4
2021-03-26,30.8,45.7,85.4,0,0,8749,0,72.09
2021-03-27,31.7,104.9,88.4,0,1,8615,1,82.92
2021-03-28,32.2,54.9,85.7,0,1,8524,1,81.0
2021-03-29,31.9,88.9,93.7,0,0,8595,1,75.1
2021-03-30,33.3,22.3,82.9,0,0,8299,0,68.9
2021-03-31,32.3,58.6,87.4,0,0,8266,1,71.88
2021-04-01,34.2,3.0,77.6,0,0,8582,0,59.33
2021-04-02,33.9,6.7,75.7,0,0,8393,0,69.82
2021-04-03,32.4,6.7,77.1,0,1,8184,1,84.74
2021-04-04,34.1,12.9,75.6,0,1,8451,1,87.39
2021-04-05,31.6,15.4,74.1,0,0,8331,1,75.9
2021-04-06,32.1,6.7,75.5,0,0,7948,0,65.07
2021-04-07,31.6,12.1,75.4,0,0,8461,0,70.25
2021-04-08,32.6,0.0,75.0,0,0,8278,2,79.85
2021-04-09,32.6,5.3,76.5,0,0,8776,0,75.56
2021-04-10,32.9,7.4,71.1,0,1,8298,2,96.06
2021-04-11,31.8,8.0,73.1,0,1,8348,2,95.25
2021-04-12,33.6,23.3,72.8,0,0,8150,0,65.82
2021-04-13,35.0,0.0,74.9,0,0,7961,0,68.47
2021-04-14,33.2,6.8,76.0,0,0,8589,0,72.84
2021-04-15,34.8,16.9,73.8,0,0,8963,0,73.29
2021-04-16,33.6,18.5,72.0,0,0,8681,1,81.03
2021-04-17,33.2,0.0,75.3,0,1,8343,1,86.58
2021-04-18,33.1,17.6,75.8,0,1,8316,0,83.84
2021-04-19,32.9,17.3,78.9,0,0,8692,0,73.84
2021-04-20,33.4,9.8,76.3,0,0,8117,0,64.53
2021-04-21,30.9,22.8,71.6,0,0,8684,0,74.2
2021-04-22,30.7,10.9,72.2,0,0,8522,0,62.81
2021-04-23,32.7,14.1,79.1,0,0,8595,0,71.63
2021-04-24,34.3,19.6,77.2,0,1,8353,1,84.15
2021-04-25,32.6,9.7,79.0,0,1,8616,1,95.2
2021-04-26,32.6,10.6,76.5,0,0,8730,0,71.65
2021-04-27,33.7,16.5,72.5,0,0,8275,2,78.52
2021-04-28,33.5,6.0,75.6,0,0,8531,1,75.77
2021-04-29,33.1,0.0,79.7,0,0,8477,0,67.05
2021-04-30,30.7,6.1,79.5,0,0,8470,0,67.33
2021-05-01,30.5,22.9,74.8,1,1,8435,4,130.67
2021-05-02,32.1,13.2,74.0,0,1,8514,0,76.97
2021-05-03,34.1,0.0,74.4,0,0,8482,0,70.16
2021-05-04,31.3,3.8,74.9,0,0,8676,1,78.24
2021-05-05,33.6,9.6,78.1,0,0,8557,0,67.08
2021-05-06,32.4,7.7,76.3,0,0,8512,0,64.5
2021-05-07,33.5,29.4,78.9,0,0,8806,0,70.57
2021-05-08,32.8,3.8,79.4,0,1,8760,0,83.68
2021-05-09,35.0,0.0,79.2,0,1,8594,2,100.33
2021-05-10,34.7,0.0,79.4,0,0,8557,0,71.79
2021-05-11,33.5,0.6,69.5,0,0,8572,0,74.35
2021-05-12,31.5,13.4,74.5,0,0,8223,1,76.0
2021-05-13,32.4,22.0,80.9,1,0,8526,3,120.79
2021-05-14,31.6,0.0,74.2,1,0,8667,3,127.95
2021-05-15,30.2,19.2,76.1,0,1,8105,0,69.56
2021-05-16,34.6,10.7,78.6,0,1,8544,2,88.22
2021-05-17,32.2,27.9,77.8,0,0,8480,0,66.67
2021-05-18,33.0,7.4,72.4,0,0,8053,0,66.88
2021-05-19,33.3,0.0,70.9,0,0,8795,0,71.46
2021-05-20,33.4,0.0,76.7,0,0,8427,1,77.75
2021-05-21,31.0,13.6,84.2,0,0,8670,0,69.11
2021-05-22,32.4,11.3,73.8,0,1,8260,2,89.95
2021-05-23,30.7,2.1,72.9,0,1,8504,0,77.0
2021-05-24,33.4,11.2,78.1,0,0,8371,0,67.73
2021-05-25,31.4,7.5,77.1,0,0,8456,0,70.58
2021-05-26,33.6,15.1,80.7,0,0,8446,0,67.6
2021-05-27,33.0,15.6,85.1,0,0,8325,0,66.97
2021-05-28,31.9,0.2,73.6,0,0,8083,1,73.61
2021-05-29,30.0,10.2,71.0,0,1,8580,1,86.34
2021-05-30,32.1,10.9,75.4,0,1,8301,2,96.98
2021-05-31,32.2,0.0,73.7,0,0,8552,0,66.8
2021-06-01,32.1,15.3,77.9,1,0,8586,1,98.64
2021-06-02,29.2,20.1,74.2,0,0,8219,0,69.63
2021-06-03,31.1,0.0,72.2,0,0,8670,0,76.75
2021-06-04,29.4,20.6,75.6,0,0,8305,0,67.17
2021-06-05,30.7,12.5,71.3,0,1,8189,1,94.87
2021-06-06,30.8,6.8,78.6,0,1,7875,1,93.29
2021-06-07,31.1,8.8,74.3,0,0,8351,0,70.9
2021-06-08,30.6,5.9,80.3,0,0,8340,0,76.77
2021-06-09,33.1,5.3,74.8,0,0,8571,0,68.2
2021-06-10,31.6,20.1,76.5,0,0,8245,0,72.83
2021-06-11,31.7,10.1,75.5,0,0,8123,0,68.51
2021-06-12,31.7,8.2,75.5,0,1,8948,0,93.39
2021-06-13,32.1,1.6,75.4,0,1,8026,2,93.22
2021-06-14,30.6,16.9,73.1,0,0,8729,0,75.64
2021-06-15,29.6,13.8,78.1,0,0,8404,0,70.29
2021-06-16,30.5,5.9,72.2,0,0,8464,1,80.16
2021-06-17,31.7,8.1,79.5,0,0,8249,0,77.33
2021-06-18,29.8,0.1,71.4,0,0,8117,0,69.93
2021-06-19,29.7,2.1,80.6,0,1,8273,0,89.21
2021-06-20,32.2,0.0,82.3,0,1,8081,1,88.15
2021-06-21,29.0,16.7,72.7,0,0,7953,0,72.63
2021-06-22,30.8,8.0,76.8,0,0,8337,0,67.78
2021-06-23,32.2,14.7,72.2,0,0,8113,0,70.25
2021-06-24,29.7,23.0,78.5,0,0,8442,0,69.29
2021-06-25,32.0,9.7,75.1,0,0,8232,0,76.43
2021-06-26,33.1,0.0,74.8,0,1,8392,2,102.62
2021-06-27,31.2,13.9,70.4,0,1,8248,1,83.3
2021-06-28,30.0,24.1,76.0,0,0,8352,0,66.5
2021-06-29,29.8,0.0,70.3,0,0,8444,0,70.09
2021-06-30,33.8,7.2,75.0,0,0,8549,0,78.27
2021-07-01,30.0,0.0,72.6,0,0,8276,0,73.98
2021-07-02,30.2,21.0,74.0,0,0,8339,0,69.28
2021-07-03,30.4,2.7,73.3,0,1,8149,1,87.51
2021-07-04,29.9,30.3,77.1,0,1,8494,1,92.82
2021-07-05,30.0,23.9,77.9,0,0,8377,0,67.22
2021-07-06,31.0,8.0,76.9,0,0,8129,1,79.24
2021-07-07,28.2,8.6,75.4,0,0,8439,2,88.21
2021-07-08,28.8,6.9,76.2,0,0,8840,0,75.28
2021-07-09,28.5,6.1,75.5,0,0,8111,0,70.83
2021-07-10,29.3,5.9,75.8,0,1,8578,0,85.48
2021-07-11,28.7,19.5,79.1,0,1,8518,2,103.16
2021-07-12,31.1,6.2,76.9,0,0,8235,0,67.89
2021-07-13,29.4,0.0,74.5,0,0,8683,1,84.49
2021-07-14,28.3,0.0,73.5,0,0,8622,1,84.78
2021-07-15,29.6,6.0,73.1,0,0,8057,1,77.6
2021-07-16,30.6,27.2,74.2,0,0,8510,0,73.45
2021-07-17,30.3,13.0,78.0,0,1,8434,0,83.78
2021-07-18,29.0,24.6,81.9,0,1,8406,0,83.68
2021-07-19,28.5,7.5,79.1,0,0,8595,0,74.1
2021-07-20,28.4,0.0,76.1,0,0,8549,0,70.09
2021-07-21,31.0,0.0,78.1,0,0,8247,0,74.15
2021-07-22,29.4,14.3,77.0,0,0,8198,0,66.17
2021-07-23,29.3,0.0,75.3,0,0,8799,0,76.8
2021-07-24,26.9,9.0,73.4,0,1,8263,1,87.77
2021-07-25,31.5,6.5,71.7,0,1,8507,3,108.99
2021-07-26,30.0,2.2,76.7,0,0,8612,0,75.09
2021-07-27,29.6,0.3,76.3,0,0,8467,1,78.23
2021-07-28,28.3,7.4,82.8,0,0,8394,1,80.93
2021-07-29,30.1,23.2,80.3,0,0,8564,0,72.16
2021-07-30,28.0,21.9,72.3,0,0,7992,0,64.83
2021-07-31,28.3,17.9,81.0,0,1,8349,1,95.55
2021-08-01,29.4,8.7,77.5,0,1,8373,0,77.64
2021-08-02,29.8,32.6,77.1,0,0,8725,0,69.52
2021-08-03,32.7,6.1,76.8,0,0,8790,0,75.48
2021-08-04,29.1,10.6,80.3,0,0,8646,0,72.9
2021-08-05,28.1,15.0,76.6,0,0,8230,0,66.88
2021-08-06,26.6,11.6,77.7,0,0,8275,0,64.45
2021-08-07,27.3,0.0,72.6,0,1,8596,1,81.14
2021-08-08,30.0,15.1,75.1,0,1,8574,0,79.73
2021-08-09,26.6,9.3,72.1,0,0,8183,0,67.33
2021-08-10,30.5,17.3,76.0,0,0,8324,0,67.88
2021-08-11,29.9,19.2,74.8,0,0,8264,0,57.11
2021-08-12,28.4,0.0,78.8,0,0,8415,0,69.27
2021-08-13,27.4,3.3,74.0,0,0,8619,0,70.76
2021-08-14,26.9,10.5,82.3,0,1,8467,0,75.94
2021-08-15,27.8,8.4,75.7,0,1,8523,1,88.9
2021-08-16,32.3,0.0,75.3,0,0,8213,0,68.3
2021-08-17,29.3,0.0,80.5,1,0,8162,1,87.24
2021-08-18,28.6,0.2,75.1,0,0,8350,0,69.89
2021-08-19,29.4,3.3,76.4,0,0,8221,1,68.66
2021-08-20,28.4,3.0,75.6,0,0,8107,0,64.34
2021-08-21,26.6,11.5,82.0,0,1,8470,0,76.33
2021-08-22,26.9,4.3,74.9,0,1,8373,1,80.85
2021-08-23,26.9,9.9,69.4,0,0,8097,0,64.7
2021-08-24,27.0,4.9,76.9,0,0,8262,0,68.7
2021-08-25,27.2,0.0,79.8,0,0,8436,0,70.04
2021-08-26,26.1,5.7,75.8,0,0,8307,0,67.23
2021-08-27,25.9,2.5,79.9,0,0,8384,0,61.38
2021-08-28,27.0,0.0,79.3,0,1,8373,0,71.99
2021-08-29,27.5,6.4,76.7,0,1,8672,1,87.46
2021-08-30,25.6,10.4,76.6,0,0,8122,0,63.63
2021-08-31,25.5,12.2,77.4,0,0,8782,0,67.48
2021-09-01,25.8,7.1,76.7,0,0,7968,0,67.35
2021-09-02,24.9,12.4,76.3,0,0,8680,0,68.14
2021-09-03,25.3,10.1,77.8,0,0,8894,0,71.17
2021-09-04,26.1,8.2,75.7,0,1,8617,1,89.1
2021-09-05,27.3,27.7,75.3,0,1,8460,0,74.82
2021-09-06,27.8,6.7,74.1,0,0,8552,0,74.86
2021-09-07,26.8,9.9,76.2,0,0,8272,0,62.82
2021-09-08,24.9,25.5,74.8,0,0,8253,0,61.05
2021-09-09,27.0,0.0,75.7,0,0,8300,0,63.08
2021-09-10,28.1,0.0,79.8,0,0,8550,0,72.16
2021-09-11,25.1,11.5,80.0,0,1,8250,0,76.61
2021-09-12,27.7,0.0,71.8,0,1,8464,0,75.48
2021-09-13,28.0,4.3,73.3,0,0,8686,0,66.6
2021-09-14,26.9,26.0,78.7,0,0,8217,0,66.42
2021-09-15,24.8,15.8,71.0,0,0,8207,0,65.04
2021-09-16,26.5,17.2,74.7,0,0,8262,1,75.66
2021-09-17,29.1,27.5,80.1,0,0,8149,1,69.26
2021-09-18,26.0,15.8,75.9,0,1,8500,0,78.41
2021-09-19,26.7,6.0,76.9,0,1,8379,2,92.33
2021-09-20,24.5,18.9,78.0,0,0,8220,0,62.5
2021-09-21,25.8,20.7,77.5,0,0,8658,0,65.54
2021-09-22,27.2,0.0,73.6,0,0,8570,0,64.55
2021-09-23,26.8,9.5,78.2,0,0,8574,1,75.91
2021-09-24,27.0,24.5,77.6,0,0,8389,0,66.23
2021-09-25,26.3,20.0,73.6,0,1,8314,1,86.06
2021-09-26,25.8,18.0,68.4,0,1,8199,1,83.63
2021-09-27,24.8,14.8,82.0,0,0,8478,0,65.89
2021-09-28,27.6,0.0,70.3,0,0,8221,0,69.2
2021-09-29,26.9,0.0,73.6,0,0,8279,1,74.49
2021-09-30,25.5,15.1,74.0,0,0,8388,0,69.43
2021-10-01,26.3,14.8,77.8,0,0,8310,0,69.2
2021-10-02,25.9,0.0,72.2,0,1,8075,1,79.84
2021-10-03,25.0,34.7,76.1,0,1,7888,1,76.85
2021-10-04,26.2,13.3,78.7,0,0,8212,0,66.62
2021-10-05,28.4,4.0,73.5,0,0,8258,0,62.69
2021-10-06,24.0,16.0,77.5,0,0,8453,0,62.8
2021-10-07,25.8,10.1,79.3,0,0,8402,0,62.55
2021-10-08,25.3,7.1,77.4,0,0,8484,0,66.15
2021-10-09,24.8,7.9,79.1,0,1,8223,1,80.18
2021-10-10,27.3,7.5,67.5,0,1,8219,2,84.58
2021-10-11,26.4,9.5,76.9,0,0,8335,0,66.03
2021-10-12,25.6,29.7,78.0,0,0,8244,1,68.72
2021-10-13,27.2,7.1,75.4,0,0,8384,0,69.45
2021-10-14,26.4,5.8,70.3,0,0,8573,0,72.95
2021-10-15,26.8,0.0,75.5,0,0,8571,0,68.86
2021-10-16,25.2,12.0,81.0,0,1,8641,2,90.74
2021-10-17,27.6,3.5,67.4,0,1,8332,0,77.89
2021-10-18,27.1,3.4,75.4,0,0,8330,0,65.86
2021-10-19,24.7,0.0,71.0,0,0,8402,0,64.98
2021-10-20,26.9,7.3,75.4,0,0,8628,0,65.77
2021-10-21,26.5,11.7,76.2,0,0,8509,1,72.39
2021-10-22,27.5,21.5,75.3,0,0,8286,0,63.19
2021-10-23,26.1,5.8,76.1,0,1,7929,1,81.41
2021-10-24,26.9,0.0,79.4,0,1,8283,1,84.41
2021-10-25,25.3,0.0,71.1,0,0,8011,1,74.06
2021-10-26,24.8,0.0,71.9,0,0,8640,0,69.31
2021-10-27,26.3,0.0,74.9,0,0,8574,0,68.63
2021-10-28,26.9,1.9,74.6,0,0,8807,0,68.71
2021-10-29,25.6,13.7,74.8,0,0,8355,0,62.83
2021-10-30,26.9,6.5,75.9,0,1,8220,1,80.23
2021-10-31,26.1,0.0,71.4,0,1,8192,1,79.23
2021-11-01,27.3,35.2,86.3,0,0,8274,0,57.01
2021-11-02,27.1,64.9,88.0,0,0,8636,0,60.93
2021-11-03,24.3,0.0,81.7,0,0,8523,0,70.66
2021-11-04,26.9,24.9,84.6,0,0,8437,0,65.58
2021-11-05,28.3,45.2,86.2,0,0,8245,0,62.65
2021-11-06,27.0,14.9,78.3,0,1,8390,0,77.44
2021-11-07,26.0,26.7,80.4,0,1,8625,0,69.7
2021-11-08,28.7,46.0,91.8,0,0,8507,0,66.5
2021-11-09,25.5,57.9,84.9,0,0,8474,0,64.93
2021-11-10,26.1,64.6,92.6,0,0,8471,0,61.64
2021-11-11,27.7,69.9,83.5,0,0,8625,0,59.09
2021-11-12,26.6,0.0,80.0,0,0,8525,0,66.1
2021-11-13,25.7,9.0,79.6,0,1,8333,1,86.98
2021-11-14,24.3,54.8,85.6,0,1,8430,2,85.19
2021-11-15,25.4,8.1,88.5,0,0,8112,0,59.96
2021-11-16,27.1,61.7,83.5,0,0,8387,1,74.22
2021-11-17,25.5,37.1,88.1,0,0,8410,0,60.73
2021-11-18,26.1,36.9,86.4,0,0,8082,0,61.04
2021-11-19,27.1,35.9,81.8,0,0,8118,1,65.62
2021-11-20,26.5,19.9,82.5,0,1,8162,1,77.98
2021-11-21,28.1,13.4,75.5,0,1,8376,1,82.65
2021-11-22,24.0,104.5,92.3,0,0,8603,0,63.83
2021-11-23,27.5,0.0,82.0,0,0,8235,0,68.6
2021-11-24,24.0,25.6,81.4,0,0,8399,0,62.41
2021-11-25,27.1,19.0,84.0,0,0,8396,0,63.68
2021-11-26,25.9,9.0,85.3,0,0,8205,0,65.69
2021-11-27,26.0,65.7,86.5,0,1,8644,2,88.98
2021-11-28,29.3,27.6,86.0,0,1,8414,0,75.75
2021-11-29,25.0,13.9,85.5,0,0,8661,0,68.47
2021-11-30,25.4,15.9,85.0,0,0,8132,0,63.42
2021-12-01,28.5,85.0,87.7,0,0,8196,0,65.79
2021-12-02,30.2,69.1,86.5,0,0,8578,0,68.65
2021-12-03,27.4,45.8,86.6,0,0,8559,0,74.0
2021-12-04,28.6,41.0,88.1,0,1,8434,1,96.96
2021-12-05,27.6,33.8,89.5,0,1,8453,2,97.54
2021-12-06,27.8,20.2,83.0,0,0,8483,0,70.46
2021-12-07,26.9,0.0,80.5,0,0,8616,1,81.64
2021-12-08,27.9,93.4,87.4,0,0,8725,0,67.73
2021-12-09,27.8,60.1,86.1,0,0,8499,0,69.79
2021-12-10,24.6,72.4,89.8,0,0,8219,0,65.55
2021-12-11,24.9,68.0,91.0,0,1,8382,2,89.28
2021-12-12,30.8,63.5,83.1,0,1,8267,0,79.68
2021-12-13,27.7,120.0,95.0,0,0,8400,0,66.92
2021-12-14,26.2,44.3,88.1,0,0,8683,0,68.78
2021-12-15,27.9,5.8,83.3,0,0,8304,1,79.38
2021-12-16,26.0,0.0,79.0,0,0,8321,0,71.3
2021-12-17,28.3,45.4,88.2,0,0,8257,0,71.44
2021-12-18,29.5,84.9,84.6,0,1,8671,0,82.81
2021-12-19,28.3,43.8,85.4,0,1,8574,1,89.97
2021-12-20,30.8,0.0,83.0,0,0,8253,1,77.46
2021-12-21,29.0,38.9,89.1,0,0,8428,2,84.57
2021-12-22,27.4,46.7,86.4,0,0,8685,0,73.07
2021-12-23,30.0,70.2,85.3,0,0,8103,0,66.52
2021-12-24,28.5,75.8,86.6,0,0,8379,1,74.59
2021-12-25,24.7,78.2,93.1,1,1,8276,2,111.58
2021-12-26,27.9,72.0,84.6,0,1,8477,2,96.98
2021-12-27,28.2,25.0,87.3,0,0,8754,0,70.92
2021-12-28,26.4,45.4,90.9,0,0,8252,0,74.84
2021-12-29,28.7,24.4,87.4,0,0,8638,0,74.3
2021-12-30,30.5,70.7,91.2,0,0,8204,0,63.24
2021-12-31,28.5,55.8,89.9,0,0,8666,1,76.77
2022-01-01,29.9,38.3,83.3,1,1,8804,2,131.47
2022-01-02,30.3,59.9,88.9,0,1,9138,0,83.58
2022-01-03,30.7,90.4,91.6,0,0,8840,0,67.18
2022-01-04,26.5,1.6,86.5,0,0,8901,0,72.59
2022-01-05,28.7,20.9,84.1,0,0,8974,0,76.51
2022-01-06,29.4,10.9,83.5,0,0,9185,0,73.75
2022-01-07,29.9,120.0,94.0,0,0,9156,0,69.46
2022-01-08,30.0,33.6,88.0,0,1,8797,2,104.17
2022-01-09,29.0,57.9,85.8,0,1,8666,1,87.1
2022-01-10,31.2,0.0,81.2,0,0,9121,0,77.27
2022-01-11,27.1,31.7,86.5,0,0,9035,0,73.32
2022-01-12,31.3,0.0,82.0,0,0,8847,0,72.58
2022-01-13,27.1,46.8,89.0,0,0,9057,0,76.46
2022-01-14,30.9,97.6,94.6,0,0,8748,0,68.5
2022-01-15,30.9,10.0,85.1,0,1,8675,0,84.94
2022-01-16,31.0,120.0,90.7,0,1,9004,0,84.99
2022-01-17,28.6,43.5,86.3,0,0,8534,0,70.47
2022-01-18,29.4,33.2,85.2,0,0,9059,0,73.75
2022-01-19,29.2,0.0,79.8,0,0,8914,0,70.78
2022-01-20,31.4,66.1,88.1,0,0,8587,0,70.68
2022-01-21,28.0,84.4,91.6,0,0,8985,1,79.08
2022-01-22,28.8,53.8,84.2,0,1,8624,0,77.76
2022-01-23,28.0,54.2,91.7,0,1,8961,1,86.66
2022-01-24,28.4,7.4,75.7,0,0,8759,0,75.31
2022-01-25,30.7,58.0,90.0,0,0,8646,0,71.23
2022-01-26,26.2,14.2,80.6,0,0,8697,0,74.18
2022-01-27,29.8,45.9,82.0,0,0,8676,0,77.58
2022-01-28,28.9,55.6,84.6,0,0,8936,0,73.6
2022-01-29,28.3,25.2,85.9,0,1,8843,0,84.35
2022-01-30,28.4,55.9,88.7,0,1,8569,2,97.3
2022-01-31,30.3,20.1,85.8,0,0,8559,0,72.18
2022-02-01,33.8,108.5,89.8,0,0,8944,0,68.08
2022-02-02,32.1,23.6,85.1,0,0,8899,0,73.58
2022-02-03,29.2,106.5,88.7,0,0,8645,0,61.93
2022-02-04,33.3,15.7,86.2,0,0,8731,0,71.23
2022-02-05,32.2,81.8,88.8,0,1,8631,0,78.4
2022-02-06,32.0,75.3,90.0,0,1,8687,2,91.42
2022-02-07,29.8,58.4,89.0,0,0,8892,0,65.27
2022-02-08,31.0,9.7,88.0,0,0,9068,0,68.09
2022-02-09,31.8,25.7,84.9,0,0,8846,0,63.13
2022-02-10,32.6,54.7,89.8,0,0,8722,0,71.38
2022-02-11,31.1,97.5,92.3,0,0,8933,0,67.81
2022-02-12,30.5,0.0,84.0,0,1,9184,1,91.23
2022-02-13,27.1,5.1,83.9,0,1,9030,1,91.55
2022-02-14,30.6,48.4,90.2,0,0,8402,1,69.4
2022-02-15,30.0,16.6,79.4,0,0,8955,0,70.86
2022-02-16,30.4,20.8,84.1,0,0,8834,1,72.9
2022-02-17,31.6,52.0,86.9,0,0,8864,0,62.88
2022-02-18,30.3,58.4,87.9,0,0,8739,0,59.78
2022-02-19,30.5,12.1,85.8,0,1,8694,1,82.76
2022-02-20,29.9,52.0,91.3,0,1,8920,0,79.61
2022-02-21,30.7,43.3,92.9,0,0,8850,0,66.37
2022-02-22,30.3,33.4,87.1,0,0,8804,0,70.07
2022-02-23,31.6,71.1,86.7,0,0,8973,0,70.04
2022-02-24,31.8,15.9,86.7,0,0,8894,0,72.03
2022-02-25,32.4,37.6,86.3,0,0,8458,0,65.8
2022-02-26,33.0,10.2,87.1,0,1,8808,0,82.88
2022-02-27,31.9,81.9,92.5,0,1,9026,1,84.55
2022-02-28,32.0,23.6,82.2,0,0,8774,0,72.27
2022-03-01,33.0,49.5,87.7,0,0,8630,0,73.27
2022-03-02,33.0,98.4,90.8,0,0,8827,0,70.7
2022-03-03,35.0,60.8,89.8,0,0,8789,1,67.55
2022-03-04,35.0,46.5,90.6,0,0,8680,0,68.0
2022-03-05,30.2,9.8,88.3,0,1,8907,0,82.26
2022-03-06,34.6,60.6,91.4,0,1,8601,0,76.86
2022-03-07,32.2,49.2,85.5,0,0,8521,0,62.37
2022-03-08,34.2,1.9,81.7,0,0,8688,0,66.18
2022-03-09,35.0,69.0,91.2,0,0,8717,0,70.12
2022-03-10,32.1,36.4,81.7,0,0,8829,0,67.86
2022-03-11,29.7,111.4,92.0,0,0,8692,0,60.88
2022-03-12,32.8,34.5,79.5,0,1,8985,1,85.72
2022-03-13,30.4,20.2,85.5,0,1,9088,1,91.01
2022-03-14,34.7,75.5,92.8,0,0,8930,0,65.92
2022-03-15,31.3,26.2,88.0,0,0,9063,1,78.8
2022-03-16,34.3,1.4,83.6,0,0,8678,0,68.32
2022-03-17,32.1,120.0,94.5,0,0,9290,0,65.13
2022-03-18,32.6,0.0,80.1,0,0,9056,1,85.53
2022-03-19,34.2,23.3,86.7,0,1,9111,0,84.55
2022-03-20,33.9,70.3,95.0,0,1,9037,3,101.35
2022-03-21,33.4,109.3,93.1,0,0,8734,2,77.84
2022-03-22,31.7,72.3,88.5,0,0,8811,0,70.15
2022-03-23,33.6,87.6,92.5,0,0,8769,0,68.16
2022-03-24,33.0,46.2,85.7,0,0,8752,0,72.27
2022-03-25,35.0,0.0,81.7,0,0,8979,0,72.09
2022-03-26,32.8,42.8,86.2,0,1,8483,2,92.53
2022-03-27,33.7,0.0,77.5,0,1,8933,0,85.25
2022-03-28,29.8,86.4,95.0,0,0,8345,1,66.89
2022-03-29,29.8,48.9,84.2,0,0,8956,0,69.34
2022-03-30,34.4,63.7,88.2,0,0,9182,0,68.35
2022-03-31,31.3,69.3,90.2,0,0,8835,0,67.4
2022-04-01,32.9,16.7,75.0,0,0,8689,0,66.97
2022-04-02,31.9,21.6,79.3,0,1,8304,1,84.37
2022-04-03,32.3,0.0,77.8,0,1,8849,1,91.92
2022-04-04,30.8,11.5,72.0,0,0,8845,0,70.64
2022-04-05,34.3,17.3,73.7,0,0,8516,0,71.01
2022-04-06,33.6,7.7,75.9,0,0,8626,0,69.4
2022-04-07,34.5,0.6,74.8,0,0,8458,0,67.51
2022-04-08,31.0,16.9,77.0,0,0,8671,0,71.43
2022-04-09,29.7,22.3,78.4,0,1,8740,2,95.88
2022-04-10,33.8,21.2,76.9,0,1,8531,2,91.44
2022-04-11,32.9,22.0,76.7,0,0,8653,0,66.68
2022-04-12,31.2,34.1,76.8,0,0,8590,0,66.73
2022-04-13,34.7,6.6,77.2,0,0,9129,0,73.26
2022-04-14,34.0,6.2,72.4,0,0,8534,0,74.05
2022-04-15,33.4,25.3,74.8,0,0,9210,0,73.8
2022-04-16,31.8,0.0,77.3,0,1,8942,1,91.58
2022-04-17,33.3,0.0,76.4,0,1,9003,3,105.65
2022-04-18,34.5,2.4,73.6,0,0,9148,1,84.96
2022-04-19,33.3,17.2,74.6,0,0,8745,0,69.53
2022-04-20,33.2,16.2,72.7,0,0,8574,0,68.05
2022-04-21,32.3,36.6,77.9,0,0,8743,0,70.94
2022-04-22,34.2,15.2,75.9,0,0,8772,0,72.93
2022-04-23,34.3,1.8,72.0,0,1,8383,2,85.3
2022-04-24,35.0,10.5,78.9,0,1,8710,0,81.81
2022-04-25,29.9,17.3,74.8,0,0,8640,0,69.61
2022-04-26,32.7,12.4,75.2,0,0,8593,1,75.78
2022-04-27,33.4,1.0,79.9,0,0,8909,0,73.14
2022-04-28,29.0,18.5,71.3,0,0,8737,0,64.68
2022-04-29,35.0,12.7,74.0,0,0,8807,0,64.19
2022-04-30,31.4,0.0,73.9,0,1,9002,3,104.43
2022-05-01,32.6,23.6,79.9,1,1,8535,3,127.12
2022-05-02,31.8,11.9,73.9,1,0,8827,1,85.57
2022-05-03,32.7,0.0,79.2,1,0,8645,2,101.87
2022-05-04,31.6,20.5,79.3,0,0,8742,1,69.61
2022-05-05,31.5,27.5,76.8,0,0,8804,0,68.35
2022-05-06,32.6,13.7,74.4,0,0,8775,0,76.86
2022-05-07,33.8,6.5,74.9,0,1,8766,2,98.01
2022-05-08,31.7,14.1,80.1,0,1,9110,1,92.83
2022-05-09,31.8,24.2,79.6,0,0,9001,0,73.02
2022-05-10,32.9,16.0,73.3,0,0,8603,0,70.04
2022-05-11,33.2,6.8,72.2,0,0,8886,0,71.8
2022-05-12,32.4,0.0,76.6,0,0,9420,0,79.29
2022-05-13,32.4,21.9,70.7,0,0,8913,0,71.47
2022-05-14,33.5,0.0,78.7,0,1,8609,0,81.7
2022-05-15,31.7,17.6,73.3,0,1,8426,1,85.73
2022-05-16,34.0,0.0,74.3,0,0,8584,1,76.17
2022-05-17,35.0,11.5,71.8,0,0,8913,0,75.96
2022-05-18,32.6,28.0,77.6,0,0,8694,1,74.36
2022-05-19,34.0,3.1,73.8,0,0,8856,2,91.21
2022-05-20,32.3,7.7,80.1,0,0,8833,0,68.67
2022-05-21,29.9,4.7,71.4,0,1,9051,2,105.84
2022-05-22,31.3,5.1,79.1,0,1,8871,0,83.89
2022-05-23,32.5,27.6,76.0,0,0,9111,0,69.0
2022-05-24,33.7,7.3,79.0,0,0,9169,0,76.44
2022-05-25,32.6,19.1,73.9,0,0,8612,0,68.13
2022-05-26,33.5,31.9,76.2,0,0,8829,0,69.96
2022-05-27,33.6,7.5,73.1,0,0,8946,0,71.6
2022-05-28,33.3,18.1,75.2,0,1,8884,2,99.41
2022-05-29,33.1,6.2,79.1,0,1,8547,2,99.67
2022-05-30,34.2,0.0,74.5,0,0,8967,0,74.93
2022-05-31,32.2,17.0,76.9,0,0,8600,1,73.23
2022-06-01,28.9,2.2,80.9,1,0,8781,3,117.64
2022-06-02,27.2,21.6,80.1,0,0,8573,2,86.17
2022-06-03,28.8,12.0,76.8,0,0,8759,0,76.45
2022-06-04,31.8,18.5,79.2,0,1,9084,0,88.82
2022-06-05,33.1,21.5,82.0,0,1,8798,2,110.19
2022-06-06,32.5,13.2,76.3,0,0,8667,0,78.46
2022-06-07,31.6,16.4,79.6,0,0,8745,0,74.46
2022-06-08,31.4,3.8,83.2,0,0,9091,0,76.99
2022-06-09,31.6,0.0,72.4,0,0,8790,0,76.06
2022-06-10,30.4,1.5,74.1,0,0,9145,0,78.33
2022-06-11,30.4,1.8,72.9,0,1,9002,1,103.8
2022-06-12,31.2,8.8,78.5,0,1,8890,0,92.59
2022-06-13,33.4,43.9,82.3,0,0,8688,0,74.35
2022-06-14,30.3,5.7,76.8,0,0,8772,0,78.15
2022-06-15,29.1,6.2,76.3,0,0,9013,0,80.26
2022-06-16,32.9,21.7,79.9,0,0,8875,0,75.81
2022-06-17,27.7,15.8,81.3,0,0,8510,0,74.05
2022-06-18,29.5,0.4,70.4,0,1,8930,2,109.0
2022-06-19,30.6,21.6,68.7,0,1,8609,1,93.56
2022-06-20,30.9,8.1,77.7,0,0,8753,0,73.77
2022-06-21,31.0,12.0,74.8,0,0,9052,0,76.66
2022-06-22,33.0,0.0,72.9,0,0,9050,0,78.65
2022-06-23,29.5,10.4,70.8,0,0,8479,0,71.2
2022-06-24,28.3,9.1,75.5,0,0,8727,0,70.54
2022-06-25,31.7,7.9,80.9,0,1,8957,2,110.88
2022-06-26,30.5,0.0,78.8,0,1,8977,1,99.95
2022-06-27,31.6,12.7,76.1,0,0,8925,0,73.74
2022-06-28,27.5,3.6,80.4,0,0,8917,0,75.53
2022-06-29,31.2,16.6,73.4,0,0,9084,0,78.57
2022-06-30,30.2,5.6,74.0,0,0,8669,0,75.71
2022-07-01,29.0,6.4,75.1,0,0,8736,0,72.02
2022-07-02,30.6,11.8,74.5,0,1,8591,1,89.31
2022-07-03,28.3,0.0,77.5,0,1,8705,2,105.33
2022-07-04,30.1,19.0,80.1,0,0,8438,0,68.65
2022-07-05,33.2,0.0,74.2,0,0,8716,0,75.98
2022-07-06,29.3,7.8,72.2,0,0,8471,0,72.17
2022-07-07,28.5,11.9,81.5,0,0,8916,0,76.28
2022-07-08,27.4,0.0,77.5,0,0,8583,0,74.13
2022-07-09,32.2,0.0,76.9,0,1,8700,1,102.55
2022-07-10,28.8,0.1,80.2,0,1,8535,0,79.1
2022-07-11,29.5,12.0,80.7,0,0,9038,0,80.83
2022-07-12,29.8,0.0,73.7,0,0,8850,0,68.87
2022-07-13,29.4,17.8,72.6,0,0,8892,0,81.08
2022-07-14,31.2,0.0,77.8,0,0,8780,0,70.24
2022-07-15,27.4,27.1,80.7,0,0,8681,0,79.03
2022-07-16,27.4,33.8,80.0,0,1,8866,1,91.58
2022-07-17,29.5,5.0,73.1,0,1,8920,2,111.83
2022-07-18,28.8,15.1,79.2,0,0,8722,0,78.36
2022-07-19,31.6,21.2,77.0,0,0,9154,0,76.16
2022-07-20,30.3,28.0,74.3,0,0,9016,0,74.77
2022-07-21,29.4,11.9,76.1,0,0,8569,0,71.51
2022-07-22,29.0,0.0,70.6,0,0,8675,0,77.1
2022-07-23,28.9,11.4,81.9,0,1,8730,1,93.54
2022-07-24,31.8,4.6,77.3,0,1,8934,1,95.53
2022-07-25,28.4,17.2,75.3,0,0,8810,0,77.31
2022-07-26,29.9,8.2,76.2,0,0,8677,0,72.41
2022-07-27,28.0,36.7,82.2,0,0,8404,0,68.98
2022-07-28,28.9,3.9,78.1,0,0,8572,0,74.16
2022-07-29,29.5,21.8,76.9,0,0,9155,0,74.76
2022-07-30,30.6,13.0,75.4,0,1,8268,2,97.18
2022-07-31,31.3,17.1,75.4,0,1,8802,0,93.69
2022-08-01,31.1,1.5,79.8,0,0,8815,1,77.56
2022-08-02,28.5,10.3,71.7,0,0,9017,0,70.74
2022-08-03,29.5,0.0,77.3,0,0,8625,0,68.51
2022-08-04,27.8,7.3,78.1,0,0,8724,0,70.44
2022-08-05,28.0,7.3,78.7,0,0,8590,1,71.92
2022-08-06,25.7,9.2,76.2,0,1,8559,0,78.56
2022-08-07,26.1,24.3,74.9,0,1,8952,1,87.29
2022-08-08,27.8,29.5,80.0,0,0,9228,0,65.93
2022-08-09,26.5,4.2,71.5,0,0,9081,0,76.69
2022-08-10,27.4,9.2,71.9,0,0,8754,0,73.36
2022-08-11,28.1,3.1,75.9,0,0,9088,0,69.87
2022-08-12,26.7,4.5,73.0,0,0,8395,0,63.24
2022-08-13,28.3,24.9,79.8,0,1,9077,1,89.37
2022-08-14,30.5,14.5,76.3,0,1,8732,1,83.76
2022-08-15,27.5,18.7,77.8,0,0,9089,1,83.49
2022-08-16,31.3,28.9,74.4,0,0,8742,0,67.18
2022-08-17,24.9,28.3,73.1,1,0,9122,1,101.29
2022-08-18,25.9,0.0,77.2,0,0,8667,0,65.85
2022-08-19,27.0,11.0,78.2,0,0,9016,0,70.9
2022-08-20,26.2,0.0,72.3,0,1,8656,1,90.51
2022-08-21,28.8,0.0,74.5,0,1,8509,1,84.71
2022-08-22,27.2,21.2,78.6,0,0,8639,0,66.97
2022-08-23,27.9,25.0,77.6,0,0,9098,0,73.11
2022-08-24,28.0,5.3,80.6,0,0,8816,0,68.46
2022-08-25,27.1,0.0,78.3,0,0,8541,0,64.09
2022-08-26,29.5,0.0,75.4,0,0,8914,0,67.14
2022-08-27,28.2,30.7,79.6,0,1,9193,1,91.73
2022-08-28,31.7,5.4,78.7,0,1,8662,0,81.81
2022-08-29,30.1,0.0,74.7,0,0,8882,0,74.3
2022-08-30,29.2,15.6,69.7,0,0,8918,0,70.45
2022-08-31,26.4,19.0,76.5,0,0,8975,0,66.64
2022-09-01,26.3,11.3,76.0,0,0,8591,0,61.27
2022-09-02,27.7,15.2,72.6,0,0,8791,0,77.7
2022-09-03,27.0,23.7,80.5,0,1,8763,2,94.64
2022-09-04,27.0,4.8,78.5,0,1,9033,2,99.01
2022-09-05,26.3,6.8,71.4,0,0,8921,0,71.01
2022-09-06,24.0,14.9,75.3,0,0,8640,0,63.37
2022-09-07,25.7,6.9,74.4,0,0,8730,0,66.32
2022-09-08,25.3,8.6,71.7,0,0,8969,0,75.14
2022-09-09,27.8,19.9,78.7,0,0,8995,0,73.24
2022-09-10,25.8,14.0,81.8,0,1,8970,2,94.23
2022-09-11,26.7,4.4,74.2,0,1,8868,1,84.13
2022-09-12,27.5,23.8,77.0,0,0,8784,0,66.08
2022-09-13,25.7,26.4,77.3,0,0,8924,0,67.09
2022-09-14,26.2,12.7,76.9,0,0,8921,0,75.93
2022-09-15,27.5,0.0,71.8,0,0,9003,0,70.78
2022-09-16,25.4,17.8,73.7,0,0,8967,0,66.93
2022-09-17,27.6,8.1,73.4,0,1,9058,1,90.57
2022-09-18,26.5,8.0,74.5,0,1,8609,2,94.63
2022-09-19,25.9,13.0,76.1,0,0,8915,0,66.46
2022-09-20,25.3,13.4,73.5,0,0,8984,0,71.49
2022-09-21,28.1,6.0,79.1,0,0,9133,1,83.65
2022-09-22,29.2,0.0,76.3,0,0,8332,0,66.93
2022-09-23,27.2,9.7,74.5,0,0,8606,0,65.88
2022-09-24,25.0,5.2,80.5,0,1,8656,2,91.45
2022-09-25,26.6,15.2,78.2,0,1,8884,1,82.72
2022-09-26,25.6,16.7,78.4,0,0,8934,1,76.66
2022-09-27,27.2,20.6,76.3,0,0,8652,0,67.18
2022-09-28,25.0,6.1,70.9,0,0,8909,0,67.18
2022-09-29,28.8,19.2,74.4,0,0,8761,0,75.26
2022-09-30,25.2,8.2,76.0,0,0,8814,0,71.18
2022-10-01,25.1,4.9,74.2,0,1,8865,3,96.26
2022-10-02,26.2,0.0,79.9,0,1,8804,0,74.02
2022-10-03,26.0,0.0,74.2,0,0,8288,1,68.83
2022-10-04,28.2,26.0,79.6,0,0,8709,0,71.37
2022-10-05,27.7,5.8,81.5,0,0,8769,0,72.0
2022-10-06,28.5,0.0,71.3,0,0,8933,0,75.75
2022-10-07,26.1,22.8,76.2,0,0,8906,0,67.96
2022-10-08,28.1,8.1,76.4,0,1,8593,1,85.61
2022-10-09,24.0,10.2,74.6,0,1,9047,2,92.29
2022-10-10,25.3,16.9,78.7,0,0,8921,0,70.86
2022-10-11,24.7,0.0,69.4,0,0,8531,0,66.08
2022-10-12,25.9,0.7,78.3,0,0,8768,1,75.05
2022-10-13,26.3,0.0,74.7,0,0,8651,0,72.51
2022-10-14,24.0,15.7,74.3,0,0,8804,0,68.15
2022-10-15,28.3,24.4,76.6,0,1,8422,1,86.56
2022-10-16,26.4,11.0,78.9,0,1,8450,2,85.99
2022-10-17,24.9,8.3,75.4,0,0,8910,1,84.83
2022-10-18,26.3,0.0,74.5,0,0,9010,0,69.87
2022-10-19,28.0,13.7,69.8,0,0,9016,0,73.62
2022-10-20,24.9,15.0,78.1,0,0,8577,0,69.36
2022-10-21,27.6,18.8,76.9,0,0,8333,1,71.2
2022-10-22,27.1,4.5,79.9,0,1,8685,0,81.55
2022-10-23,26.5,1.0,75.5,0,1,8889,0,83.37
2022-10-24,26.2,17.5,74.9,0,0,8674,2,79.57
2022-10-25,27.0,0.0,73.3,0,0,8992,0,69.03
2022-10-26,26.2,2.8,76.7,0,0,8992,0,70.87
2022-10-27,25.8,0.0,69.5,0,0,8583,0,67.07
2022-10-28,25.6,0.0,77.8,0,0,8366,0,69.27
2022-10-29,25.9,0.0,72.6,0,1,8650,0,80.35
2022-10-30,24.2,18.1,76.4,0,1,8958,0,80.0
2022-10-31,24.0,7.2,80.2,0,0,8708,0,69.39
2022-11-01,27.4,84.0,85.9,0,0,9110,0,61.57
2022-11-02,27.1,120.0,93.4,0,0,8605,0,61.71
2022-11-03,25.9,60.2,88.9,0,0,8755,0,64.69
2022-11-04,27.2,44.3,88.4,0,0,8951,1,78.88
2022-11-05,26.1,100.3,93.3,0,1,8678,1,80.94
2022-11-06,25.7,14.7,87.3,0,1,8911,1,93.64
2022-11-07,25.6,41.6,85.9,0,0,8796,0,69.26
2022-11-08,26.4,86.6,85.3,0,0,9023,1,71.3
2022-11-09,27.5,63.4,85.5,0,0,9029,0,66.15
2022-11-10,25.8,31.8,81.9,0,0,8721,0,67.52
2022-11-11,26.9,7.7,81.1,0,0,8949,0,69.38
2022-11-12,24.7,105.4,91.3,0,1,9036,1,88.1
2022-11-13,25.5,74.3,93.5,0,1,8950,0,71.7
2022-11-14,27.0,23.9,79.3,0,0,8762,0,67.98
2022-11-15,28.0,0.0,84.9,0,0,8791,1,79.05
2022-11-16,27.5,15.0,86.1,0,0,8534,0,66.73
2022-11-17,27.2,110.4,92.6,0,0,8423,0,60.6
2022-11-18,24.2,48.7,85.2,0,0,8578,0,64.6
2022-11-19,26.5,62.2,86.4,0,1,8626,1,82.57
2022-11-20,26.3,72.0,89.8,0,1,9047,0,74.63
2022-11-21,26.5,0.0,80.8,0,0,8650,0,65.25
2022-11-22,27.3,11.7,78.6,0,0,8849,0,73.22
2022-11-23,26.9,5.1,79.1,0,0,8948,0,71.77
2022-11-24,27.9,7.6,84.7,0,0,8698,1,78.99
2022-11-25,24.0,15.9,88.9,0,0,8568,1,75.55
2022-11-26,25.1,57.7,85.7,0,1,8655,1,86.62
2022-11-27,28.2,0.0,82.5,0,1,8910,3,110.56
2022-11-28,28.9,44.3,83.2,0,0,8741,0,65.67
2022-11-29,25.0,0.0,85.2,0,0,8713,0,69.43
2022-11-30,27.3,0.0,83.3,0,0,8306,0,64.26
2022-12-01,29.0,22.9,82.2,0,0,8837,0,72.55
2022-12-02,27.7,55.2,88.2,0,0,8692,0,65.31
2022-12-03,28.0,26.3,88.9,0,1,8792,2,99.75
2022-12-04,28.1,18.3,83.1,0,1,9012,2,109.03
2022-12-05,31.6,21.2,84.9,0,0,8762,0,74.0
2022-12-06,27.4,6.5,84.4,0,0,8733,1,78.52
2022-12-07,27.1,0.0,85.5,0,0,8561,0,68.61
2022-12-08,26.4,100.2,94.9,0,0,8771,0,75.24
2022-12-09,25.7,70.6,89.4,0,0,8875,0,70.87
2022-12-10,26.3,0.0,73.7,0,1,8930,1,92.89
2022-12-11,29.8,37.6,90.5,0,1,8588,0,84.44
2022-12-12,27.5,120.0,95.0,0,0,8856,0,76.61
2022-12-13,29.5,42.5,87.1,0,0,8755,0,75.21
2022-12-14,24.2,51.6,90.1,0,0,8915,0,61.95
2022-12-15,25.5,82.2,95.0,0,0,8461,0,73.7
2022-12-16,26.6,32.1,88.3,0,0,8580,0,65.63
2022-12-17,26.2,23.7,83.9,0,1,8643,1,89.38
2022-12-18,29.3,14.5,83.4,0,1,8942,1,93.23
2022-12-19,26.5,78.3,90.0,0,0,9104,1,76.93
2022-12-20,25.5,0.0,83.9,0,0,8799,0,75.37
2022-12-21,27.2,1.8,78.2,0,0,8959,0,70.17
2022-12-22,30.8,48.6,85.3,0,0,8651,1,79.99
2022-12-23,28.6,0.0,83.8,0,0,8748,0,78.7
2022-12-24,25.2,0.0,82.4,0,1,8917,0,83.77
2022-12-25,29.4,7.4,77.9,1,1,8803,2,123.86
2022-12-26,26.9,0.0,85.3,0,0,8653,0,73.4
2022-12-27,28.3,48.9,88.5,0,0,8949,0,73.53
2022-12-28,27.5,9.3,81.7,0,0,9056,0,75.63
2022-12-29,30.2,22.9,79.3,0,0,8772,0,70.27
2022-12-30,28.8,0.0,88.2,0,0,8581,0,75.41
2022-12-31,26.3,8.3,87.6,0,1,8815,1,97.09
2023-01-01,30.5,120.0,92.2,1,1,9353,3,135.12
2023-01-02,29.5,19.5,83.7,0,0,9186,0,76.43
2023-01-03,28.9,103.5,88.1,0,0,9083,0,73.18
2023-01-04,32.6,15.8,84.6,0,0,9447,0,79.67
2023-01-05,28.8,41.1,83.7,0,0,9163,0,77.08
2023-01-06,30.1,0.0,79.5,0,0,9431,0,86.53
2023-01-07,31.2,120.0,89.6,0,1,9349,1,95.62
2023-01-08,30.4,69.5,89.3,0,1,9305,2,98.63
2023-01-09,29.8,56.9,83.5,0,0,9255,0,75.65
2023-01-10,28.8,0.0,80.4,0,0,9273,2,95.12
2023-01-11,28.0,80.0,92.6,0,0,9243,0,73.28
2023-01-12,29.0,68.0,93.4,0,0,9476,0,77.41
2023-01-13,28.1,86.6,88.8,0,0,9285,1,83.73
2023-01-14,30.5,100.8,87.9,0,1,9239,2,103.09
2023-01-15,29.4,120.0,91.8,0,1,9002,1,91.24
2023-01-16,29.2,47.0,88.1,0,0,9120,0,82.62
2023-01-17,35.0,22.1,82.3,0,0,9157,0,82.64
2023-01-18,29.5,99.6,88.3,0,0,9467,0,78.6
2023-01-19,26.9,0.0,79.5,0,0,9178,0,78.68
2023-01-20,28.7,4.4,84.1,0,0,8978,0,74.16
2023-01-21,30.6,27.0,82.3,0,1,9472,1,105.54
2023-01-22,31.5,40.4,85.4,0,1,8941,0,87.53
2023-01-23,30.5,24.3,89.0,0,0,9314,0,76.63
2023-01-24,30.2,62.5,88.1,0,0,9151,0,73.08
2023-01-25,30.5,26.1,87.9,0,0,9270,0,75.04
2023-01-26,29.2,18.2,83.2,0,0,9085,0,81.7
2023-01-27,27.8,82.0,90.1,0,0,8973,0,73.43
2023-01-28,28.9,10.4,82.7,0,1,9297,2,111.31
2023-01-29,29.3,34.3,80.6,0,1,9284,1,98.14
2023-01-30,27.7,119.0,94.5,0,0,9320,0,72.19
2023-01-31,30.3,5.1,83.0,0,0,8941,0,70.97
2023-02-01,31.3,56.2,85.2,0,0,9456,0,66.98
2023-02-02,29.6,67.1,88.7,0,0,9170,0,66.22
2023-02-03,29.7,0.0,78.7,0,0,9367,0,72.35
2023-02-04,29.4,64.2,91.1,0,1,9116,2,94.62
2023-02-05,30.2,33.7,86.1,0,1,9216,1,93.75
2023-02-06,30.6,44.6,82.9,0,0,9000,0,69.87
2023-02-07,33.5,43.0,82.9,0,0,9462,0,79.1
2023-02-08,30.2,62.0,87.6,0,0,9231,0,66.78
2023-02-09,30.1,0.0,82.8,0,0,9191,0,73.36
2023-02-10,31.3,11.0,82.1,0,0,9333,0,75.19
2023-02-11,31.9,120.0,93.1,0,1,9001,0,81.36
2023-02-12,31.9,35.5,85.0,0,1,9345,1,93.21
2023-02-13,32.4,14.4,88.1,0,0,9116,0,74.38
2023-02-14,32.2,8.8,81.3,0,0,9112,0,68.98
2023-02-15,30.4,15.3,85.1,0,0,8917,0,69.06
2023-02-16,30.5,36.6,88.4,0,0,9039,0,73.58
2023-02-17,31.9,97.7,93.4,0,0,9339,0,64.49
2023-02-18,28.5,67.6,88.1,0,1,9248,2,99.53
2023-02-19,29.5,120.0,95.0,0,1,9183,0,80.13
2023-02-20,28.9,88.4,87.2,0,0,9083,0,65.36
2023-02-21,32.7,0.0,77.7,0,0,9248,0,72.65
2023-02-22,32.5,0.0,75.4,0,0,9560,0,83.51
2023-02-23,31.4,38.1,84.3,0,0,9248,0,76.53
2023-02-24,30.4,0.0,83.4,0,0,9106,0,72.82
2023-02-25,33.3,0.0,80.6,0,1,9206,1,95.45
2023-02-26,31.1,81.5,91.1,0,1,9237,2,93.13
2023-02-27,33.2,19.2,80.4,0,0,9297,0,76.17
2023-02-28,30.2,67.2,87.3,0,0,9432,0,68.53
2023-03-01,32.8,71.1,89.4,0,0,8867,0,66.83
2023-03-02,32.4,38.8,83.1,0,0,9331,0,78.78
2023-03-03,33.9,39.5,86.8,0,0,9125,0,72.11
2023-03-04,34.3,33.1,85.7,0,1,9545,0,83.57
2023-03-05,32.9,26.0,87.2,0,1,9350,1,88.22
2023-03-06,32.4,50.4,87.8,0,0,9342,1,77.96
2023-03-07,34.6,106.1,95.0,0,0,9098,0,67.31
2023-03-08,33.3,45.2,84.8,0,0,8977,0,71.68
2023-03-09,31.7,30.9,87.2,0,0,9321,1,75.24
2023-03-10,30.8,43.9,84.9,0,0,9260,0,74.31
2023-03-11,32.8,57.5,83.9,0,1,9206,0,76.69
2023-03-12,32.8,104.2,92.1,0,1,9130,1,87.52
2023-03-13,32.9,120.0,92.8,0,0,9151,0,68.32
2023-03-14,35.0,89.3,91.6,0,0,9049,0,73.93
2023-03-15,30.8,0.0,81.9,0,0,9136,0,74.09
2023-03-16,32.0,48.9,81.2,0,0,8803,0,74.54
2023-03-17,32.7,21.9,84.2,0,0,9112,0,73.44
2023-03-18,32.0,27.1,86.4,0,1,9329,1,98.03
2023-03-19,32.8,44.1,92.5,0,1,9442,1,93.44
2023-03-20,31.2,64.2,86.1,0,0,9103,0,69.26
2023-03-21,32.7,112.2,92.3,0,0,9389,0,74.42
2023-03-22,31.0,21.8,82.7,0,0,9402,1,83.77
2023-03-23,31.9,16.7,84.0,0,0,9206,0,76.1
2023-03-24,31.5,0.0,79.0,0,0,8827,0,70.37
2023-03-25,29.8,76.0,84.2,0,1,9260,2,94.62
2023-03-26,32.4,58.3,89.9,0,1,8751,1,87.34
2023-03-27,32.6,24.0,84.5,0,0,9308,0,77.32
2023-03-28,32.1,30.9,84.9,0,0,9432,2,86.87
2023-03-29,35.0,0.0,88.6,0,0,9099,0,72.57
2023-03-30,32.0,32.5,74.7,0,0,9211,1,76.72
2023-03-31,34.1,100.3,88.7,0,0,9353,0,73.55
2023-04-01,31.2,8.6,80.4,0,1,9050,0,80.86
2023-04-02,33.3,11.8,74.0,0,1,9376,1,99.87
2023-04-03,30.2,10.9,77.8,0,0,9109,0,74.74
2023-04-04,32.8,12.0,72.6,0,0,9228,1,80.76
2023-04-05,30.7,10.2,76.9,0,0,9238,0,78.98
2023-04-06,33.9,12.4,78.5,0,0,9216,0,70.95
2023-04-07,34.7,0.0,74.0,0,0,8929,0,78.15
2023-04-08,33.2,13.5,83.2,0,1,9246,0,87.76
2023-04-09,32.4,10.4,75.6,0,1,9110,2,93.59
2023-04-10,34.7,0.0,70.8,0,0,8957,0,78.22
2023-04-11,34.8,3.3,77.0,0,0,9104,1,85.44
2023-04-12,31.0,5.9,73.4,0,0,9447,0,74.83
2023-04-13,35.0,9.1,82.8,0,0,9277,0,73.32
2023-04-14,34.4,8.4,76.8,0,0,8963,1,75.75
2023-04-15,33.0,8.3,73.2,0,1,9358,1,105.65
2023-04-16,33.8,0.0,71.1,0,1,9044,1,90.05
2023-04-17,33.6,0.0,75.0,0,0,9594,0,74.35
2023-04-18,34.3,15.3,75.5,0,0,9062,1,82.53
2023-04-19,33.1,28.8,78.7,0,0,9287,1,75.4
2023-04-20,32.2,16.0,76.0,0,0,8901,0,69.35
2023-04-21,30.4,15.4,76.9,0,0,9187,0,76.77
2023-04-22,33.2,3.6,80.3,1,1,9537,5,170.7
2023-04-23,35.0,18.1,80.9,1,1,9442,2,131.82
2023-04-24,34.2,12.0,79.6,0,0,9533,0,78.09
2023-04-25,32.6,6.6,81.3,0,0,9284,0,74.09
2023-04-26,35.0,0.0,74.5,0,0,8902,0,72.99
2023-04-27,33.6,12.8,72.9,0,0,9241,0,73.15
2023-04-28,30.3,12.6,72.8,0,0,9486,0,74.43
2023-04-29,30.5,0.0,76.6,0,1,8802,2,95.28
2023-04-30,34.2,18.6,69.6,0,1,9278,2,101.8
2023-05-01,33.2,18.2,72.6,1,0,8970,2,114.23
2023-05-02,30.8,19.5,73.5,0,0,9609,0,79.74
2023-05-03,34.6,11.4,80.5,0,0,9493,0,74.98
2023-05-04,33.4,9.7,71.9,0,0,9107,0,70.71
2023-05-05,31.8,20.5,78.5,0,0,9559,0,74.55
2023-05-06,31.7,24.2,79.6,0,1,8952,1,96.51
2023-05-07,34.4,14.6,73.9,0,1,9622,1,95.68
2023-05-08,33.4,31.8,72.2,0,0,9100,0,71.52
2023-05-09,33.7,5.9,78.8,0,0,9168,0,75.15
2023-05-10,33.3,11.5,78.0,0,0,9379,0,76.14
2023-05-11,30.8,9.8,75.1,0,0,9062,1,78.78
2023-05-12,30.4,16.3,79.8,0,0,8872,0,74.59
2023-05-13,34.6,2.2,78.6,0,1,9518,2,109.7
2023-05-14,29.2,15.4,80.4,0,1,9391,1,98.1
2023-05-15,33.3,0.0,78.1,0,0,9164,0,76.46
2023-05-16,32.2,0.0,80.7,0,0,9401,0,78.95
2023-05-17,32.1,13.5,72.4,0,0,9186,1,87.07
2023-05-18,30.9,25.8,71.5,0,0,9081,0,74.72
2023-05-19,32.8,3.7,79.2,0,0,9069,0,80.62
2023-05-20,31.0,0.0,73.7,0,1,9485,1,101.44
2023-05-21,30.1,2.5,75.6,0,1,8976,1,88.66
2023-05-22,34.3,36.2,71.0,0,0,8863,0,72.82
2023-05-23,31.0,18.0,76.2,0,0,9119,0,75.58
2023-05-24,31.6,6.6,82.1,0,0,9288,0,80.85
2023-05-25,30.9,15.4,78.6,0,0,9210,0,71.33
2023-05-26,34.7,32.6,73.9,0,0,9474,0,77.1
2023-05-27,31.7,3.3,73.8,0,1,9220,1,91.75
2023-05-28,35.0,1.0,74.1,0,1,9012,2,104.32
2023-05-29,31.8,27.9,79.7,0,0,9378,0,72.99
2023-05-30,33.2,24.5,80.2,0,0,9503,2,91.84
2023-05-31,31.2,18.8,80.1,0,0,9085,0,69.15
2023-06-01,29.6,0.0,72.8,1,0,9146,1,112.18
2023-06-02,30.7,6.0,70.5,0,0,8886,0,77.85
2023-06-03,31.5,13.0,72.2,0,1,9147,1,101.6
2023-06-04,31.2,15.6,77.0,0,1,9034,0,97.58
2023-06-05,29.2,13.9,78.9,0,0,9295,0,78.97
2023-06-06,32.6,0.0,74.8,0,0,9036,0,80.38
2023-06-07,28.3,0.0,76.2,0,0,9089,0,78.36
2023-06-08,32.1,9.6,74.6,0,0,9327,0,82.3
2023-06-09,31.0,0.0,69.4,0,0,9304,0,88.18
2023-06-10,28.6,15.7,75.3,0,1,9011,1,98.28
2023-06-11,31.4,10.6,77.5,0,1,9240,1,99.63
2023-06-12,30.3,28.5,81.6,0,0,9141,0,82.68
2023-06-13,32.0,12.9,79.1,0,0,8988,0,77.64
2023-06-14,31.6,7.3,75.5,0,0,9438,0,77.09
2023-06-15,32.8,9.9,80.7,0,0,9045,0,77.07
2023-06-16,32.1,11.9,74.6,0,0,8807,0,73.24
2023-06-17,31.3,0.0,79.9,0,1,9633,3,116.49
2023-06-18,29.7,7.6,81.2,0,1,9107,1,98.17
2023-06-19,33.0,14.9,80.1,0,0,8918,0,78.16
2023-06-20,29.1,15.7,75.3,0,0,9193,0,83.02
2023-06-21,29.9,0.0,72.5,0,0,8970,0,79.6
2023-06-22,31.9,0.0,76.4,0,0,9201,0,82.33
2023-06-23,32.3,1.4,77.0,0,0,8824,1,82.01
2023-06-24,31.2,4.3,79.3,0,1,9847,1,112.39
2023-06-25,32.2,3.4,75.1,0,1,9362,2,119.42
2023-06-26,32.1,0.0,82.1,0,0,8892,2,94.87
2023-06-27,31.2,2.4,74.6,0,0,9032,1,88.01
2023-06-28,30.8,10.0,70.9,0,0,9166,0,75.66
2023-06-29,29.2,23.5,77.8,0,0,9191,0,80.17
2023-06-30,32.4,9.9,70.9,0,0,8873,0,83.31
2023-07-01,30.0,1.0,76.8,0,1,9177,1,101.87
2023-07-02,29.4,3.9,74.9,0,1,9117,1,97.23
2023-07-03,28.3,9.2,76.5,0,0,9094,0,77.59
2023-07-04,30.5,0.0,81.5,0,0,9535,0,81.39
2023-07-05,30.0,0.0,72.5,0,0,9231,0,78.82
2023-07-06,30.8,0.0,73.8,0,0,9261,0,82.62
2023-07-07,29.7,3.3,74.9,0,0,9046,0,79.13
2023-07-08,29.1,8.3,74.7,0,1,9229,1,104.7
2023-07-09,29.0,0.0,73.9,0,1,9086,0,91.4
2023-07-10,26.4,12.4,74.2,0,0,9456,0,77.65
2023-07-11,29.2,13.8,77.6,0,0,9065,0,76.64
2023-07-12,32.5,14.4,77.3,0,0,9222,0,79.04
2023-07-13,30.6,13.2,76.1,0,0,9138,1,86.67
2023-07-14,27.2,17.2,84.4,0,0,9008,0,82.45
2023-07-15,29.5,0.0,77.0,0,1,8934,1,105.27
2023-07-16,27.1,14.2,77.7,0,1,9083,1,101.39
2023-07-17,28.0,12.8,77.7,0,0,9035,0,77.84
2023-07-18,29.2,30.3,75.8,0,0,9198,0,72.77
2023-07-19,27.6,0.6,72.1,0,0,9339,0,80.61
2023-07-20,28.2,7.8,75.5,0,0,8913,0,74.08
2023-07-21,27.6,5.5,73.1,0,0,9023,0,82.25
2023-07-22,29.1,40.8,81.1,0,1,9115,0,82.03
2023-07-23,31.9,12.2,81.4,0,1,8913,0,91.02
2023-07-24,27.4,9.6,72.8,0,0,9234,0,76.18
2023-07-25,28.5,3.6,83.1,0,0,9356,0,80.39
2023-07-26,28.6,4.7,77.1,0,0,9009,0,79.55
2023-07-27,30.1,2.7,69.8,0,0,9222,0,83.16
2023-07-28,30.5,15.4,73.4,0,0,8796,0,76.21
2023-07-29,27.7,34.0,77.5,0,1,9164,2,108.21
2023-07-30,30.0,0.9,73.7,0,1,8634,1,92.08
2023-07-31,29.6,3.0,76.7,0,0,9328,1,89.59
2023-08-01,29.2,9.4,71.9,0,0,9247,0,76.81
2023-08-02,26.2,13.8,76.0,0,0,9329,0,74.38
2023-08-03,28.4,4.3,73.5,0,0,9088,0,70.76
2023-08-04,29.3,0.0,76.8,0,0,9429,0,74.51
2023-08-05,27.1,0.5,74.6,0,1,9117,1,94.84
2023-08-06,27.5,9.5,75.2,0,1,8782,0,76.48
2023-08-07,27.4,13.9,75.0,0,0,9391,0,71.52
2023-08-08,28.7,33.4,75.2,0,0,8984,0,71.11
2023-08-09,25.5,21.2,76.9,0,0,9211,0,68.82
2023-08-10,26.8,4.3,74.2,0,0,9183,0,68.25
2023-08-11,27.1,5.3,77.5,0,0,9367,0,78.03
2023-08-12,30.1,14.9,79.8,0,1,9397,0,82.88
2023-08-13,25.8,26.0,81.4,0,1,9589,1,91.63
2023-08-14,25.7,12.2,76.4,0,0,9294,0,71.12
2023-08-15,29.2,9.8,81.6,0,0,9346,0,73.75
2023-08-16,28.0,8.3,73.5,0,0,9097,0,69.68
2023-08-17,28.5,3.9,76.9,1,0,9356,1,105.35
2023-08-18,25.8,20.5,81.9,0,0,9524,0,72.87
2023-08-19,28.1,32.1,71.2,0,1,9107,2,100.66
2023-08-20,29.6,5.9,74.0,0,1,9091,1,89.8
2023-08-21,29.2,4.3,70.3,0,0,9199,0,79.74
2023-08-22,29.6,11.1,72.0,0,0,9474,0,70.07
2023-08-23,27.6,2.4,70.1,0,0,9265,0,68.76
2023-08-24,27.3,26.9,79.6,0,0,9682,1,87.47
2023-08-25,28.3,5.3,80.7,0,0,9094,0,73.7
2023-08-26,28.6,10.2,77.1,0,1,9159,2,102.05
2023-08-27,25.2,13.3,78.3,0,1,9368,1,94.38
2023-08-28,28.4,2.1,69.1,0,0,9362,0,76.2
2023-08-29,25.1,0.0,82.0,0,0,9032,0,71.52
2023-08-30,25.9,0.0,83.5,0,0,9101,0,68.74
2023-08-31,29.2,0.0,77.7,0,0,8873,0,73.2
2023-09-01,26.5,23.7,79.5,0,0,9329,1,80.5
2023-09-02,29.0,20.3,78.6,0,1,9406,0,88.53
2023-09-03,28.1,13.5,68.7,0,1,9283,1,99.88
2023-09-04,28.2,3.9,76.1,0,0,8971,0,72.26
2023-09-05,24.0,0.0,75.8,0,0,9070,0,67.1
2023-09-06,26.7,18.0,78.5,0,0,9288,0,78.47
2023-09-07,24.0,0.0,76.7,0,0,9204,0,68.69
2023-09-08,24.6,11.4,70.5,0,0,9270,0,73.32
2023-09-09,25.9,2.4,73.2,0,1,8900,1,87.53
2023-09-10,27.3,11.4,75.3,0,1,8985,2,96.42
2023-09-11,25.2,33.4,74.3,0,0,9175,0,71.8
2023-09-12,25.9,2.7,74.7,0,0,9114,0,72.29
2023-09-13,25.5,10.6,75.4,0,0,9150,0,73.2
2023-09-14,27.3,15.1,75.9,0,0,8995,0,68.84
2023-09-15,27.0,11.0,77.6,0,0,9131,0,71.63
2023-09-16,27.2,5.5,69.9,0,1,9216,2,97.46
2023-09-17,26.6,5.0,76.2,0,1,9336,2,100.79
2023-09-18,24.0,0.0,79.5,0,0,9612,0,74.42
2023-09-19,25.5,0.0,73.3,0,0,9487,0,79.87
2023-09-20,25.3,3.4,75.6,0,0,9322,0,72.27
2023-09-21,26.3,3.7,71.4,0,0,9250,0,66.62
2023-09-22,27.0,7.3,79.4,0,0,8953,0,74.68
2023-09-23,25.9,8.1,77.1,0,1,9005,2,99.37
2023-09-24,25.7,42.6,76.4,0,1,9314,1,89.23
2023-09-25,25.9,20.6,72.5,0,0,9329,1,76.85
2023-09-26,27.2,9.6,78.3,0,0,9160,0,69.68
2023-09-27,27.3,0.0,75.8,0,0,9181,1,86.11
2023-09-28,25.9,17.1,79.8,0,0,9359,0,73.68
2023-09-29,24.0,45.0,77.2,0,0,8847,0,62.13
2023-09-30,26.1,12.6,75.5,0,1,9305,1,93.75
2023-10-01,27.6,18.1,70.4,0,1,9170,0,87.58
2023-10-02,25.0,0.0,78.7,0,0,9006,0,70.87
2023-10-03,27.4,18.2,79.0,0,0,9475,0,72.31
2023-10-04,24.0,0.3,79.9,0,0,9187,0,68.64
2023-10-05,27.7,14.4,72.0,0,0,9143,0,69.82
2023-10-06,26.1,8.3,78.1,0,0,9373,0,78.2
2023-10-07,26.6,8.5,76.4,0,1,9381,1,93.29
2023-10-08,25.6,7.0,79.4,0,1,9092,0,76.52
2023-10-09,24.9,16.9,78.3,0,0,9618,0,76.34
2023-10-10,24.0,0.0,75.3,0,0,9451,0,73.94
2023-10-11,26.8,18.1,80.0,0,0,8832,0,68.44
2023-10-12,26.8,0.0,75.0,0,0,9401,0,71.16
2023-10-13,24.8,5.7,76.6,0,0,9040,1,74.36
2023-10-14,26.6,0.0,72.0,0,1,9231,1,96.08
2023-10-15,26.2,1.9,67.7,0,1,9546,1,95.95
2023-10-16,26.2,16.1,77.0,0,0,9087,0,72.87
2023-10-17,28.1,0.5,71.2,0,0,9174,0,73.58
2023-10-18,25.2,22.9,76.2,0,0,9809,1,83.02
2023-10-19,24.6,0.0,75.9,0,0,8819,0,67.55
2023-10-20,24.0,24.5,74.2,0,0,9170,0,68.63
2023-10-21,24.7,0.6,81.8,0,1,9283,1,95.96
2023-10-22,27.5,12.6,71.3,0,1,8932,1,94.57
2023-10-23,27.8,20.1,79.4,0,0,8971,0,65.67
2023-10-24,26.7,4.3,76.2,0,0,9388,0,73.42
2023-10-25,26.3,1.0,74.5,0,0,9724,0,79.11
2023-10-26,26.7,10.6,78.4,0,0,9243,0,78.39
2023-10-27,27.9,17.5,74.0,0,0,9056,0,77.0
2023-10-28,24.0,10.9,73.2,0,1,9106,1,86.76
2023-10-29,25.5,4.3,73.1,0,1,9416,0,89.22
2023-10-30,25.3,7.3,75.4,0,0,9414,0,73.9
2023-10-31,24.2,0.0,74.8,0,0,9198,0,74.64
2023-11-01,30.5,0.0,79.7,0,0,9306,0,77.18
2023-11-02,25.6,3.3,85.4,0,0,9089,0,67.69
2023-11-03,29.1,57.6,87.3,0,0,9167,0,69.57
2023-11-04,24.0,36.9,84.2,0,1,9204,2,99.72
2023-11-05,26.7,91.1,91.0,0,1,9134,0,77.0
2023-11-06,24.6,41.0,86.3,0,0,9363,0,70.17
2023-11-07,26.9,46.6,88.2,0,0,9350,0,67.1
2023-11-08,26.2,59.6,80.9,0,0,9206,0,69.19
2023-11-09,24.4,44.9,92.0,0,0,9402,0,71.7
2023-11-10,27.0,49.3,84.7,0,0,8920,0,65.85
2023-11-11,26.4,1.7,83.8,0,1,9288,0,83.03
2023-11-12,25.7,51.6,86.3,0,1,9474,3,104.03
2023-11-13,24.0,46.6,84.9,0,0,9117,0,67.27
2023-11-14,26.7,70.9,87.9,0,0,9312,0,68.32
2023-11-15,28.0,41.6,85.0,0,0,8973,0,64.26
2023-11-16,26.1,19.6,82.2,0,0,9128,0,75.66
2023-11-17,25.7,35.5,85.1,0,0,9069,0,69.08
2023-11-18,28.2,44.8,86.7,0,1,9334,1,87.01
2023-11-19,25.9,86.8,87.1,0,1,9461,1,78.86
2023-11-20,26.2,53.3,89.8,0,0,9228,0,70.31
2023-11-21,25.4,10.7,85.6,0,0,9104,0,72.93
2023-11-22,24.4,4.5,81.0,0,0,9554,0,75.1
2023-11-23,25.3,0.0,80.1,0,0,9155,0,74.17
2023-11-24,26.3,20.2,81.6,0,0,9029,0,71.33
2023-11-25,24.6,95.3,95.0,0,1,9197,1,85.11
2023-11-26,24.4,35.8,86.4,0,1,9005,1,85.27
2023-11-27,24.1,68.3,87.5,0,0,9065,1,70.99
2023-11-28,26.6,60.5,87.5,0,0,9311,0,69.42
2023-11-29,27.3,31.3,85.3,0,0,9359,0,75.83
2023-11-30,24.9,16.7,82.5,0,0,9462,0,73.64
2023-12-01,29.3,45.1,88.7,0,0,9439,0,83.69
2023-12-02,25.3,0.0,87.4,0,1,9319,0,92.0
2023-12-03,29.3,0.0,82.3,0,1,9324,1,103.35
2023-12-04,27.8,21.7,82.2,0,0,9039,0,82.31
2023-12-05,26.3,65.7,83.4,0,0,8942,1,82.92
2023-12-06,28.1,11.7,81.0,0,0,9343,0,85.52
2023-12-07,27.7,10.6,82.3,0,0,9098,0,75.42
2023-12-08,28.1,79.3,88.4,0,0,9408,0,81.66
2023-12-09,31.7,49.3,86.6,0,1,9148,1,97.71
2023-12-10,29.5,33.8,81.4,0,1,9532,1,100.13
2023-12-11,28.2,22.1,81.3,0,0,9546,0,72.6
2023-12-12,29.4,94.0,91.5,0,0,8969,0,72.98
2023-12-13,28.6,17.7,90.1,0,0,8833,0,72.69
2023-12-14,27.4,36.1,87.8,0,0,9237,0,77.84
2023-12-15,29.7,71.5,90.7,0,0,9037,0,69.29
2023-12-16,24.7,5.6,85.7,0,1,9230,0,95.96
2023-12-17,26.2,32.9,81.0,0,1,9220,1,98.23
2023-12-18,27.1,104.0,95.0,0,0,9022,0,78.17
2023-12-19,27.1,0.0,81.7,0,0,9303,0,76.18
2023-12-20,26.2,41.6,82.3,0,0,9010,0,78.88
2023-12-21,25.8,69.2,87.9,0,0,9015,0,65.96
2023-12-22,26.9,24.1,87.4,0,0,9057,0,75.55
2023-12-23,24.3,64.4,84.9,0,1,9334,1,90.05
2023-12-24,27.2,25.7,88.4,0,1,9305,0,87.05
2023-12-25,28.6,95.9,95.0,1,0,9335,2,109.71
2023-12-26,27.3,47.3,90.6,0,0,9315,0,74.37
2023-12-27,26.6,52.8,89.1,0,0,9418,0,70.81
2023-12-28,28.1,46.4,89.6,0,0,9480,0,77.49
2023-12-29,27.6,60.7,87.1,0,0,9301,0,74.36
2023-12-30,25.9,22.0,82.5,0,1,9175,3,118.13
2023-12-31,25.6,92.0,87.6,0,1,9411,1,94.88
2024-01-01,29.2,120.0,91.0,1,0,9954,3,135.8
2024-01-02,29.9,81.4,91.0,0,0,9876,0,74.81
2024-01-03,28.6,0.0,84.5,0,0,9525,0,80.49
2024-01-04,30.7,120.0,95.0,0,0,9660,1,88.36
2024-01-05,27.6,50.0,87.1,0,0,9442,0,79.44
2024-01-06,32.3,59.0,84.1,0,1,9741,2,105.73
2024-01-07,29.7,44.2,85.3,0,1,9997,2,120.03
2024-01-08,28.7,43.0,82.7,0,0,9479,1,85.18
2024-01-09,28.6,54.8,90.5,0,0,9706,0,75.22
2024-01-10,30.6,83.0,87.2,0,0,9799,0,80.72
2024-01-11,28.7,16.7,83.5,0,0,9636,1,91.23
2024-01-12,31.0,47.0,88.3,0,0,9692,0,80.13
2024-01-13,30.1,68.6,86.0,0,1,9438,0,85.51
2024-01-14,29.3,0.0,72.6,0,1,9574,1,100.07
2024-01-15,28.0,4.6,78.9,0,0,9555,0,80.65
2024-01-16,29.9,54.5,84.2,0,0,9331,0,78.42
2024-01-17,30.5,23.8,80.6,0,0,9932,0,84.46
2024-01-18,30.5,72.0,90.9,0,0,9623,0,80.7
2024-01-19,27.5,58.5,90.6,0,0,9734,0,79.03
2024-01-20,30.5,53.6,87.9,0,1,9786,2,106.37
2024-01-21,30.2,40.8,90.4,0,1,9274,1,92.17
2024-01-22,28.9,109.3,95.0,0,0,9257,0,71.41
2024-01-23,29.6,98.7,89.1,0,0,9393,0,73.48
2024-01-24,29.5,6.9,81.3,0,0,9347,0,78.36
2024-01-25,29.0,23.3,82.7,0,0,9571,1,91.45
2024-01-26,32.7,0.0,85.2,0,0,9520,0,86.81
2024-01-27,32.5,46.1,84.8,0,1,9812,2,125.37
2024-01-28,28.6,0.0,80.7,0,1,9114,1,96.14
2024-01-29,30.5,40.5,84.7,0,0,9553,1,94.16
2024-01-30,28.3,0.0,82.9,0,0,9641,0,88.05
2024-01-31,31.1,120.0,90.1,0,0,9739,0,78.14
2024-02-01,32.2,16.9,84.1,0,0,9463,0,78.19
2024-02-02,34.3,0.0,84.0,0,0,9226,0,79.34
2024-02-03,29.3,0.0,80.9,0,1,9497,3,113.2
2024-02-04,29.5,40.4,83.3,0,1,9547,1,93.19
2024-02-05,28.7,9.2,82.6,0,0,9628,0,74.79
2024-02-06,31.3,63.8,88.4,0,0,9445,0,64.2
2024-02-07,32.6,34.4,83.0,0,0,9819,0,77.59
2024-02-08,31.0,13.0,88.5,0,0,9714,1,83.68
2024-02-09,29.4,8.0,85.7,0,0,9747,0,74.6
2024-02-10,30.8,29.6,86.0,0,1,9517,0,86.91
2024-02-11,33.3,25.2,80.1,0,1,9617,0,82.38
2024-02-12,30.5,0.0,88.8,0,0,9553,0,79.28
2024-02-13,29.1,64.7,82.7,0,0,9615,0,72.78
2024-02-14,30.9,57.7,92.6,0,0,9609,0,70.84
2024-02-15,31.4,30.5,81.0,0,0,9925,0,77.55
2024-02-16,32.5,11.1,88.9,0,0,9462,2,87.82
2024-02-17,32.8,115.0,95.0,0,1,9611,0,86.09
2024-02-18,32.2,5.9,79.6,0,1,9968,0,93.63
2024-02-19,31.7,57.9,83.2,0,0,9693,0,73.66
2024-02-20,32.0,90.4,93.1,0,0,9617,0,73.91
2024-02-21,31.7,31.8,83.8,0,0,9509,0,72.67
2024-02-22,31.7,23.9,82.7,0,0,9911,0,73.04
2024-02-23,31.3,58.3,91.2,0,0,9605,0,74.87
2024-02-24,34.1,96.3,90.0,0,1,9882,1,97.79
2024-02-25,32.1,39.3,90.2,0,1,9603,1,93.46
2024-02-26,31.3,36.7,86.4,0,0,9492,0,75.52
2024-02-27,31.2,46.1,82.4,0,0,9488,0,78.0
2024-02-28,32.9,82.6,92.5,0,0,9309,0,73.66
2024-02-29,29.6,39.3,83.3,0,0,9682,0,73.48
2024-03-01,31.1,120.0,92.8,0,0,9538,0,67.27
2024-03-02,33.0,65.5,89.9,0,1,9749,1,88.44
2024-03-03,33.0,67.4,92.4,0,1,9509,0,81.73
2024-03-04,32.4,12.7,83.9,0,0,9832,0,84.47
2024-03-05,34.8,47.4,86.8,0,0,9717,0,75.15
2024-03-06,33.5,61.8,90.8,0,0,9594,1,78.16
2024-03-07,31.2,31.7,80.9,0,0,9499,0,72.52
2024-03-08,31.2,27.8,84.9,0,0,9678,0,74.13
2024-03-09,32.2,5.5,77.9,0,1,9516,2,106.41
2024-03-10,35.0,62.2,89.4,0,1,9526,0,79.46
2024-03-11,35.0,0.0,82.3,0,0,9319,0,79.92
2024-03-12,31.2,79.4,85.1,0,0,9626,0,71.8
2024-03-13,31.9,120.0,95.0,0,0,9417,0,77.93
2024-03-14,30.2,33.9,85.6,0,0,9538,0,70.8
2024-03-15,31.7,5.4,80.3,0,0,9611,0,82.67
2024-03-16,34.7,6.2,83.6,0,1,9541,0,95.05
2024-03-17,33.4,31.6,76.1,0,1,9479,0,84.81
2024-03-18,34.3,22.0,82.4,0,0,9519,0,74.46
2024-03-19,31.9,0.0,82.2,0,0,9661,0,75.33
2024-03-20,33.7,64.7,90.4,0,0,10037,0,73.46
2024-03-21,31.0,51.6,84.4,0,0,9455,0,70.85
2024-03-22,34.4,64.1,89.3,0,0,9691,0,73.92
2024-03-23,33.2,10.2,76.2,0,1,9539,1,92.04
2024-03-24,31.7,17.3,82.8,0,1,9325,2,113.63
2024-03-25,33.3,39.9,82.3,0,0,9613,0,75.23
2024-03-26,31.9,101.1,93.1,0,0,9679,1,80.39
2024-03-27,32.1,15.2,84.3,0,0,9645,0,76.19
2024-03-28,32.3,19.2,77.1,0,0,9757,0,78.32
2024-03-29,33.9,15.7,87.9,0,0,9939,0,80.09
2024-03-30,33.0,71.3,88.7,0,1,9404,0,81.87
2024-03-31,34.1,8.7,88.6,0,1,9286,1,96.06
2024-04-01,35.0,3.5,71.2,0,0,9827,0,83.36
2024-04-02,35.0,1.2,76.5,0,0,9526,0,79.02
2024-04-03,31.3,20.1,75.1,0,0,9635,0,77.59
2024-04-04,32.8,0.0,71.3,0,0,9643,0,78.39
2024-04-05,33.3,9.7,76.2,0,0,9468,0,77.9
2024-04-06,30.6,13.8,71.4,0,1,9404,1,94.76
2024-04-07,33.4,0.0,75.3,0,1,9674,2,113.26
2024-04-08,32.5,10.0,81.7,0,0,9410,0,77.39
2024-04-09,31.3,9.2,72.3,0,0,9206,0,73.83
2024-04-10,33.8,0.0,74.3,1,0,9371,2,114.0
2024-04-11,31.2,0.0,78.2,1,0,9528,2,114.81
2024-04-12,34.4,0.0,76.5,0,0,9807,0,80.47
2024-04-13,30.9,0.0,77.9,0,1,9514,2,105.55
2024-04-14,32.1,4.6,76.8,0,1,9502,2,103.88
2024-04-15,31.5,18.8,75.9,0,0,9692,0,80.69
2024-04-16,30.5,3.9,70.3,0,0,9670,0,80.33
2024-04-17,31.7,0.0,72.5,0,0,9624,0,83.39
2024-04-18,33.8,0.0,75.8,0,0,9698,0,77.35
2024-04-19,34.0,0.0,76.0,0,0,9518,0,79.95
2024-04-20,32.9,18.3,79.2,0,1,9759,1,92.78
2024-04-21,31.5,27.9,79.9,0,1,9455,1,96.86
2024-04-22,35.0,0.0,78.6,0,0,9551,0,73.94
2024-04-23,35.0,2.9,78.8,0,0,9603,1,83.41
2024-04-24,30.3,0.0,71.7,0,0,9416,0,76.65
2024-04-25,35.0,10.8,75.4,0,0,9680,0,77.59
2024-04-26,33.2,33.3,79.4,0,0,9442,0,72.35
2024-04-27,30.9,11.0,77.6,0,1,9771,0,88.78
2024-04-28,32.2,14.3,76.1,0,1,9918,1,104.72
2024-04-29,33.7,10.7,76.0,0,0,9968,0,78.39
2024-04-30,32.1,24.5,75.9,0,0,9638,0,75.6
2024-05-01,32.6,7.2,79.6,1,0,9598,1,105.6
2024-05-02,31.3,27.5,78.9,0,0,9503,0,76.86
2024-05-03,33.1,9.9,73.3,0,0,9977,0,84.01
2024-05-04,30.9,18.6,79.9,0,1,9864,1,93.14
2024-05-05,33.0,6.4,77.8,0,1,9892,1,106.13
2024-05-06,33.2,14.0,75.0,0,0,9604,0,76.36
2024-05-07,34.4,5.7,74.5,0,0,9714,0,80.39
2024-05-08,32.7,9.4,77.3,0,0,9403,0,73.55
2024-05-09,32.1,6.4,75.7,0,0,9599,0,78.95
2024-05-10,33.2,7.9,77.7,0,0,9253,0,83.08
2024-05-11,34.6,82.4,84.8,0,1,9431,0,83.17
2024-05-12,30.7,2.1,75.5,0,1,9597,0,87.19
2024-05-13,31.6,0.0,76.7,0,0,9732,0,77.94
2024-05-14,32.1,30.4,78.4,0,0,9819,0,72.64
2024-05-15,31.9,8.0,71.8,0,0,9849,0,84.35
2024-05-16,31.0,0.0,69.4,0,0,9466,0,77.24
2024-05-17,30.4,16.3,76.2,0,0,9232,0,71.06
2024-05-18,32.8,4.8,66.9,0,1,9389,1,92.64
2024-05-19,30.7,0.0,76.6,0,1,9518,1,96.96
2024-05-20,32.9,10.1,75.8,0,0,9393,0,79.28
2024-05-21,31.9,26.7,78.0,0,0,9539,0,71.48
2024-05-22,32.1,21.4,81.4,0,0,9573,0,78.59
2024-05-23,32.6,16.8,77.3,0,0,9591,0,77.63
2024-05-24,32.6,0.0,75.9,0,0,9976,0,78.04
2024-05-25,34.7,28.1,75.6,0,1,9441,0,84.82
2024-05-26,32.9,19.8,73.7,0,1,9737,0,97.46
2024-05-27,31.3,1.8,74.9,0,0,9308,0,70.96
2024-05-28,32.6,6.8,81.4,0,0,9217,0,72.7
2024-05-29,30.7,0.0,75.1,0,0,9086,1,83.51
2024-05-30,32.4,0.0,74.3,0,0,9482,0,77.62
2024-05-31,34.5,19.5,81.7,0,0,9758,0,77.48
2024-06-01,31.8,0.0,70.1,1,1,9639,3,163.47
2024-06-02,31.5,3.0,76.6,0,1,9361,0,97.75
2024-06-03,32.7,0.0,73.0,0,0,9320,0,82.9
2024-06-04,32.2,2.5,78.4,0,0,9478,1,89.06
2024-06-05,30.0,1.9,75.3,0,0,9855,0,83.79
2024-06-06,28.8,9.6,76.9,0,0,9255,0,80.58
2024-06-07,32.0,0.0,74.1,0,0,9503,2,94.54
2024-06-08,32.4,17.1,78.0,0,1,9596,1,112.06
2024-06-09,30.8,11.7,71.6,0,1,9733,0,103.96
2024-06-10,30.7,12.2,76.0,0,0,9403,1,89.04
2024-06-11,29.5,9.9,71.7,0,0,9869,0,86.48
2024-06-12,29.4,22.0,79.7,0,0,9695,0,85.07
2024-06-13,32.3,6.8,70.9,0,0,9638,0,91.04
2024-06-14,30.8,2.8,79.6,0,0,9789,0,90.44
2024-06-15,29.6,0.0,78.6,0,1,9464,2,105.05
2024-06-16,30.2,9.3,76.3,0,1,9641,1,104.42
2024-06-17,31.5,13.9,79.5,0,0,9541,0,84.93
2024-06-18,30.8,24.9,83.5,0,0,9775,0,80.82
2024-06-19,28.9,2.4,74.6,0,0,9272,0,85.58
2024-06-20,34.5,10.5,82.4,0,0,9530,0,89.89
2024-06-21,32.9,16.3,75.1,0,0,9614,0,81.72
2024-06-22,30.0,36.1,79.6,0,1,9581,0,91.99
2024-06-23,28.6,0.0,74.8,0,1,9187,0,88.12
2024-06-24,31.4,0.0,75.0,0,0,9612,1,91.49
2024-06-25,31.7,29.5,77.5,0,0,9544,0,80.12
2024-06-26,29.8,9.0,74.3,0,0,9403,1,92.91
2024-06-27,30.6,27.8,80.0,0,0,9705,0,78.86
2024-06-28,31.1,21.1,77.1,0,0,9470,0,71.63
2024-06-29,30.0,10.8,77.8,0,1,9302,1,95.4
2024-06-30,35.0,0.0,78.9,0,1,9530,1,102.62
2024-07-01,30.5,14.4,77.1,0,0,9667,1,89.9
2024-07-02,31.1,7.5,78.0,0,0,9243,0,81.12
2024-07-03,30.9,23.3,76.1,0,0,9548,0,77.09
2024-07-04,27.6,1.9,71.8,0,0,9758,1,87.39
2024-07-05,28.9,17.0,73.9,0,0,9321,0,77.29
2024-07-06,29.6,4.1,73.1,0,1,9309,1,97.25
2024-07-07,31.2,6.8,67.7,0,1,9373,0,91.85
2024-07-08,26.8,9.9,75.9,0,0,9749,0,81.11
2024-07-09,30.2,37.8,75.1,0,0,9494,0,82.05
2024-07-10,30.6,0.0,79.8,0,0,9559,0,79.77
2024-07-11,26.4,14.7,77.4,0,0,9673,0,81.12
2024-07-12,29.4,15.1,77.0,0,0,9345,0,78.94
2024-07-13,33.4,26.3,68.7,0,1,9613,1,107.27
2024-07-14,28.8,0.0,78.6,0,1,9589,1,103.8
2024-07-15,27.2,22.4,75.2,0,0,9169,0,79.15
2024-07-16,30.2,25.7,78.1,0,0,9422,0,75.58
2024-07-17,28.9,0.0,73.6,0,0,9553,0,82.15
2024-07-18,28.9,4.2,75.6,0,0,9489,0,79.86
2024-07-19,30.1,21.6,80.0,0,0,9445,0,75.49
2024-07-20,29.4,2.7,76.9,0,1,9363,0,92.75
2024-07-21,32.6,23.2,75.9,0,1,9657,2,121.29
2024-07-22,29.0,17.1,77.4,0,0,9681,1,88.64
2024-07-23,29.1,10.0,76.1,0,0,9621,0,82.53
2024-07-24,28.8,8.6,73.5,0,0,9622,0,78.51
2024-07-25,29.2,1.9,72.2,0,0,9755,1,87.16
2024-07-26,31.1,9.4,74.7,0,0,9489,0,80.02
2024-07-27,29.3,15.8,75.8,0,1,9454,2,110.58
2024-07-28,27.6,5.0,72.2,0,1,9476,1,100.9
2024-07-29,30.3,11.3,71.1,0,0,9599,0,82.51
2024-07-30,27.9,0.4,79.0,0,0,9784,0,78.34
2024-07-31,27.3,24.8,79.3,0,0,9660,0,78.06
2024-08-01,28.5,5.9,73.1,0,0,9761,0,79.25
2024-08-02,27.4,13.1,71.8,0,0,9600,0,71.87
2024-08-03,30.4,11.6,75.4,0,1,9566,0,87.17
2024-08-04,25.0,5.8,73.2,0,1,9504,1,95.12
2024-08-05,27.0,11.7,76.6,0,0,9478,0,72.52
2024-08-06,24.7,0.0,72.7,0,0,9518,0,75.32
2024-08-07,29.4,0.0,77.4,0,0,9629,0,72.31
2024-08-08,28.6,5.0,72.9,0,0,9554,1,86.65
2024-08-09,27.1,10.0,78.0,0,0,9425,0,75.59
2024-08-10,28.3,0.0,76.0,0,1,9978,1,100.58
2024-08-11,27.8,1.6,76.2,0,1,9542,1,100.05
2024-08-12,27.9,0.0,78.8,0,0,9424,0,73.8
2024-08-13,26.9,18.5,76.2,0,0,9667,0,74.43
2024-08-14,30.3,0.0,67.9,0,0,9528,0,80.75
2024-08-15,26.8,14.4,76.8,0,0,9257,0,78.42
2024-08-16,29.1,9.8,82.6,0,0,9514,0,73.86
2024-08-17,28.0,26.2,76.4,1,1,9628,5,159.12
2024-08-18,26.7,3.8,74.8,0,1,9408,1,97.83
2024-08-19,29.9,12.9,73.8,0,0,9673,0,77.3
2024-08-20,28.1,18.1,77.4,0,0,9709,1,86.88
2024-08-21,25.7,6.9,79.6,0,0,9453,0,76.51
2024-08-22,28.9,9.4,76.4,0,0,9695,0,75.6
2024-08-23,25.7,0.0,75.9,0,0,9508,1,83.44
2024-08-24,28.0,8.3,76.4,0,1,9647,1,96.87
2024-08-25,28.0,10.0,72.7,0,1,9749,2,101.61
2024-08-26,28.6,12.1,79.1,0,0,9744,0,74.51
2024-08-27,27.4,8.4,74.3,0,0,9513,0,73.34
2024-08-28,29.5,5.5,70.0,0,0,9743,0,80.85
2024-08-29,27.3,0.0,73.7,0,0,9521,0,78.24
2024-08-30,29.6,18.4,77.2,0,0,9580,0,78.99
2024-08-31,28.1,14.1,74.3,0,1,9394,2,104.77
2024-09-01,24.0,6.0,76.1,0,1,9174,1,91.78
2024-09-02,25.5,1.1,76.1,0,0,9839,0,77.99
2024-09-03,25.2,0.0,76.7,0,0,9464,0,75.28
2024-09-04,25.6,0.0,76.5,0,0,9946,0,79.51
2024-09-05,24.5,3.8,76.1,0,0,9346,0,68.79
2024-09-06,25.3,0.0,72.1,0,0,9373,1,78.18
2024-09-07,26.4,0.0,75.9,0,1,10137,1,96.84
2024-09-08,25.5,7.8,74.4,0,1,9843,0,92.66
2024-09-09,26.9,6.1,78.1,0,0,9498,0,79.97
2024-09-10,24.8,4.8,74.8,0,0,9786,0,69.83
2024-09-11,24.9,2.5,76.7,0,0,9652,0,80.15
2024-09-12,26.7,0.0,74.9,0,0,9780,0,77.41
2024-09-13,28.1,7.6,74.3,0,0,9306,0,76.92
2024-09-14,26.7,18.1,72.5,0,1,9559,1,97.31
2024-09-15,27.3,0.0,79.8,0,1,9378,1,99.25
2024-09-16,26.3,10.5,79.2,0,0,9882,0,78.44
2024-09-17,29.0,12.4,74.6,0,0,9636,0,72.72
2024-09-18,26.4,11.1,67.3,0,0,9936,0,77.93
2024-09-19,25.2,0.0,72.8,0,0,9464,0,75.62
2024-09-20,29.5,11.8,76.5,0,0,9685,0,76.82
2024-09-21,25.8,15.7,73.0,0,1,9541,2,106.12
2024-09-22,26.9,10.0,76.8,0,1,9360,1,93.22
2024-09-23,28.8,13.7,75.8,0,0,9830,0,76.51
2024-09-24,28.5,6.7,82.0,0,0,9754,0,74.28
2024-09-25,26.0,6.4,75.1,0,0,9172,0,70.96
2024-09-26,27.9,5.5,84.3,0,0,9944,0,79.58
2024-09-27,27.3,16.1,77.4,0,0,9331,0,68.04
2024-09-28,26.7,2.6,75.0,0,1,9777,2,103.12
2024-09-29,25.4,14.3,74.1,0,1,9985,1,91.09
2024-09-30,26.6,19.3,74.7,0,0,9720,0,74.74
2024-10-01,24.7,27.4,75.1,0,0,9555,0,75.82
2024-10-02,25.4,12.7,75.6,0,0,9473,0,70.7
2024-10-03,26.5,9.8,75.8,0,0,9372,0,75.94
2024-10-04,26.9,18.0,73.9,0,0,9410,0,82.76
2024-10-05,28.2,21.8,76.3,0,1,10047,1,103.7
2024-10-06,25.8,27.6,78.7,0,1,9693,1,93.86
2024-10-07,25.7,0.0,71.6,0,0,9551,0,77.53
2024-10-08,25.4,21.7,72.4,0,0,9747,0,70.04
2024-10-09,27.4,3.3,72.3,0,0,9344,0,69.31
2024-10-10,26.2,0.0,73.9,0,0,9805,0,77.23
2024-10-11,25.9,23.0,83.5,0,0,9633,0,74.57
2024-10-12,25.0,0.8,82.0,0,1,9544,1,98.53
2024-10-13,27.7,1.6,71.8,0,1,9944,0,88.61
2024-10-14,28.8,28.3,76.1,0,0,9543,0,74.37
2024-10-15,24.0,0.0,80.2,0,0,9527,0,74.59
2024-10-16,27.9,18.4,74.1,0,0,9576,0,75.6
2024-10-17,25.5,6.9,75.1,0,0,9535,0,74.52
2024-10-18,25.1,26.9,77.8,0,0,9649,0,70.72
2024-10-19,25.5,10.9,77.5,0,1,10035,2,109.76
2024-10-20,27.7,18.9,75.4,0,1,9744,1,98.51
2024-10-21,27.0,18.4,84.3,0,0,9527,0,73.94
2024-10-22,24.0,23.2,75.7,0,0,9509,0,73.68
2024-10-23,26.7,10.4,74.8,0,0,9308,0,76.44
2024-10-24,30.5,16.6,76.7,0,0,9437,0,77.94
2024-10-25,25.1,12.4,75.3,0,0,9750,0,73.11
2024-10-26,26.1,13.2,74.4,0,1,9490,1,94.79
2024-10-27,25.8,17.0,79.1,0,1,9233,0,80.34
2024-10-28,26.8,0.0,77.1,0,0,9462,0,74.97
2024-10-29,25.2,6.6,72.1,0,0,9698,0,73.16
2024-10-30,24.0,17.8,79.1,0,0,9666,0,79.04
2024-10-31,25.6,21.0,78.3,0,0,9848,0,77.26
2024-11-01,25.8,0.4,78.9,0,0,9174,0,75.36
2024-11-02,29.4,29.2,84.8,0,1,9300,1,95.11
2024-11-03,28.8,17.0,81.1,0,1,9856,0,89.38
2024-11-04,26.0,92.7,92.7,0,0,9427,0,67.74
2024-11-05,25.4,87.8,90.0,0,0,9480,0,73.9
2024-11-06,25.6,20.8,83.5,0,0,9563,0,72.3
2024-11-07,25.8,96.5,92.1,0,0,9722,0,67.15
2024-11-08,25.4,8.7,85.0,0,0,9483,0,77.31
2024-11-09,24.0,20.1,81.5,0,1,9469,1,90.91
2024-11-10,28.1,0.0,77.1,0,1,9838,0,95.27
2024-11-11,25.5,0.0,81.5,0,0,9715,1,84.6
2024-11-12,27.8,0.4,81.8,0,0,9558,0,75.74
2024-11-13,24.0,36.1,87.0,0,0,9511,1,83.77
2024-11-14,25.3,21.8,87.6,0,0,9564,0,68.19
2024-11-15,27.5,26.5,80.0,0,0,9644,0,72.36
2024-11-16,27.8,9.4,82.6,0,1,9365,2,98.84
2024-11-17,24.2,65.6,85.8,0,1,9383,3,92.66
2024-11-18,26.8,20.6,84.2,0,0,9322,0,73.85
2024-11-19,26.7,32.8,89.8,0,0,9629,0,72.04
2024-11-20,27.4,64.7,87.9,0,0,9709,0,74.07
2024-11-21,26.7,83.6,93.4,0,0,9735,0,72.51
2024-11-22,27.5,22.7,80.3,0,0,9695,0,76.3
2024-11-23,25.8,36.4,85.8,0,1,9436,1,89.27
2024-11-24,29.9,84.8,87.0,0,1,9403,0,78.15
2024-11-25,24.4,76.9,92.5,0,0,9655,0,70.26
2024-11-26,24.0,72.9,94.7,0,0,9858,0,73.95
2024-11-27,25.5,53.5,86.6,0,0,9578,0,69.68
2024-11-28,24.0,27.4,83.0,0,0,9472,0,69.48
2024-11-29,26.8,6.3,84.7,0,0,9559,0,71.82
2024-11-30,25.3,25.9,81.2,0,1,9784,1,94.78
2024-12-01,26.8,113.5,90.2,0,1,9541,2,102.08
2024-12-02,31.2,74.5,84.9,0,0,9272,0,74.91
2024-12-03,29.0,19.8,90.0,0,0,9809,0,83.72
2024-12-04,29.8,20.7,82.4,0,0,9592,0,79.07
2024-12-05,24.5,41.7,91.0,0,0,9637,0,79.69
2024-12-06,25.0,76.1,93.8,0,0,9291,0,74.6
2024-12-07,29.7,45.8,82.7,0,1,9705,0,100.98
2024-12-08,27.3,62.2,87.1,0,1,9388,2,106.08
2024-12-09,28.7,82.1,89.1,0,0,9311,0,79.26
2024-12-10,27.9,92.7,93.4,0,0,9542,0,73.59
2024-12-11,29.4,0.0,87.2,0,0,9563,0,77.28
2024-12-12,26.6,50.4,90.3,0,0,9503,0,75.22
2024-12-13,29.6,12.8,83.9,0,0,9617,1,94.59
2024-12-14,27.4,76.5,92.7,0,1,9658,1,99.84
2024-12-15,30.7,22.5,83.3,0,1,9400,1,105.11
2024-12-16,26.7,67.6,89.1,0,0,9734,0,69.29
2024-12-17,29.1,9.9,82.8,0,0,9461,1,94.24
2024-12-18,25.2,0.0,77.4,0,0,9418,0,80.71
2024-12-19,27.2,61.3,94.2,0,0,9275,0,69.13
2024-12-20,28.8,28.1,89.5,0,0,9809,0,84.29
2024-12-21,27.1,0.0,86.4,0,1,9749,0,96.37
2024-12-22,26.8,0.0,81.4,0,1,9641,0,95.95
2024-12-23,28.6,57.0,83.2,0,0,9912,0,82.47
2024-12-24,27.2,9.9,81.4,0,0,9829,0,85.4
2024-12-25,27.1,52.7,83.9,1,0,9464,2,106.03
2024-12-26,26.2,89.3,92.5,0,0,9374,0,73.64
2024-12-27,26.9,9.0,78.7,0,0,9710,0,77.46
2024-12-28,27.9,45.4,94.2,0,1,9835,1,106.12
2024-12-29,24.0,55.6,83.3,0,1,9369,0,88.9
2024-12-30,28.8,44.9,89.0,0,0,9182,0,72.87
2024-12-31,27.2,65.6,86.7,0,0,9209,0,71.18
